,Media Source,Tweet,DateTime,Tweets Ago,Compound,Positive,Neutral,Negative
0,@nytimes,Republicans appear ready to abandon fiscal doctrine in their push for a tax overhaul https://t.co/IojGyljeV4,2017-09-20 03:17:07+00:00,1,-0.1027,0.144,0.69,0.167
1,@nytimes,"As UC Berkeley braces for more protests over speakers, Times reporters would like to hear from students and faculty: https://t.co/tfB1DksvSn",2017-09-20 03:02:06+00:00,2,0.079,0.11,0.793,0.097
2,@nytimes,"International tourism to the U.S. declined in early 2017, representing a loss of nearly $2.7 billion in spending https://t.co/1PcMGKFOsD",2017-09-20 02:47:01+00:00,3,-0.3182,0.0,0.881,0.119
3,@nytimes,Critics say Michael Dourson is too closely tied to the chemical industry to be the EPA's chief regulator https://t.co/bQP0WYbjYz,2017-09-20 02:32:05+00:00,4,-0.296,0.0,0.891,0.109
4,@nytimes,"He was 22 when he was charged with capital murder. 10 years later, he is still awaiting trial. https://t.co/vFrEdyX9JK",2017-09-20 02:17:07+00:00,5,-0.7579,0.0,0.723,0.277
5,@nytimes,Republican leaders pressed toward a showdown vote on the latest Affordable Care Act repeal https://t.co/t4a3Tw1DeH,2017-09-20 02:02:03+00:00,6,0.4939,0.198,0.802,0.0
6,@nytimes,"RT @NYTSports: With an 8th-inning solo shot, Alex Gordon broke the 17-year-old record for MLB. https://t.co/YBABCjJDrz",2017-09-20 01:50:48+00:00,7,-0.4215,0.0,0.843,0.157
7,@nytimes,RT @NYTStyles: Colored eyeliner isn’t as tricky as it sounds — wear it liberally. Here’s how. https://t.co/vQEURtLY1p,2017-09-20 01:47:05+00:00,8,-0.1531,0.0,0.904,0.096
8,@nytimes,Hank Green's first novel will grapple with themes like internet fame and the anxiety and awkwardness it can bring https://t.co/3mKxR0IXTn,2017-09-20 01:32:07+00:00,9,0.6486,0.295,0.575,0.13
9,@nytimes,Death toll in Mexico earthquake continues to climb as rescuers frantically dig out people who are trapped https://t.co/upEQGFGbto,2017-09-20 01:17:05+00:00,10,-0.8658,0.0,0.607,0.393
10,@nytimes,Evening Briefing: Here's what you need to know at the end of the day https://t.co/L6BMSDLroC,2017-09-20 01:02:02+00:00,11,0.0,0.0,1.0,0.0
11,@nytimes,RT @nytvideo: Hurricane Maria tore roofs off of houses on the Caribbean island of Dominica and caused flooding in Guadeloupe. https://t.co/…,2017-09-20 00:52:00+00:00,12,0.0,0.0,1.0,0.0
12,@nytimes,"On Barbuda, where Hurricane Irma destroyed everything in its path, there is not a single person left, officials said https://t.co/9Tl8l7IMjP",2017-09-20 00:42:07+00:00,13,-0.4939,0.0,0.849,0.151
13,@nytimes,Photographing Abkhazia: “I wanted to show something beautiful and I wanted to show that there’s happiness”… https://t.co/BEimc7MrBl,2017-09-20 00:32:05+00:00,14,0.5994,0.206,0.794,0.0
14,@nytimes,RT @EricLiptonNYT: His work helped industry protect its most toxic chemicals from regulation. Now he's set to lead EPA toxics program  http…,2017-09-20 00:17:03+00:00,15,0.3818,0.11,0.89,0.0
15,@nytimes,"Working from home sounds luxurious, until you have to get things done. Here's how to do it right. https://t.co/9ciMGbQHlt",2017-09-20 00:07:04+00:00,16,0.0,0.0,1.0,0.0
16,@nytimes,Senate panel cancels meeting with Trump lawyer over public comments https://t.co/1QQuwI9OYH,2017-09-19 23:57:04+00:00,17,-0.2263,0.0,0.84,0.16
17,@nytimes,RT @nytopinion: Watch what one man saw in the year he spent with the alt-right https://t.co/KcjxxEyxBg,2017-09-19 23:47:01+00:00,18,0.0,0.0,1.0,0.0
18,@nytimes,Reviews of the iPhone 8 and iPhone 8 Plus are in https://t.co/2RBga9QgJV,2017-09-19 23:37:02+00:00,19,0.0,0.0,1.0,0.0
19,@nytimes,Tracking Hurricane Maria’s path https://t.co/T9esWfqGnq,2017-09-19 23:27:04+00:00,20,0.0,0.0,1.0,0.0
20,@nytimes,RT @PamelaPaulNYT: The brothers Green! https://t.co/FiZ2B7ydbk,2017-09-19 23:17:04+00:00,21,0.0,0.0,1.0,0.0
21,@nytimes,"""Isn’t that the Trump lawyer?"": Here's how our reporter @kenvogel landed an accidental scoop. https://t.co/zOJ3qljupy",2017-09-19 23:07:03+00:00,22,0.0772,0.101,0.818,0.082
22,@nytimes,"Caribbean island nation of Dominica sustained “mind boggling” damage from Hurricane Maria, prime minister said https://t.co/zqrsMJUpXV",2017-09-19 22:57:02+00:00,23,-0.4939,0.0,0.824,0.176
23,@nytimes,"RT @meslackman: More than 90 dead “You can do this, goddamn it, fight for your life, please!” screamed a man as he ran by the gurney https:…",2017-09-19 22:47:06+00:00,24,-0.9243,0.0,0.622,0.378
24,@nytimes,Evening Briefing: Here's what you need to know at the end of the day https://t.co/QVD6xGjbZh,2017-09-19 22:32:04+00:00,25,0.0,0.0,1.0,0.0
25,@nytimes,"Blue states face biggest cuts under new Republican health care plan
https://t.co/5AiTEue6vp https://t.co/TMmZ9ofH3j",2017-09-19 22:17:07+00:00,26,0.25,0.195,0.671,0.134
26,@nytimes,"RT @sangerkatz: In case you were wondering, Graham-Cassidy could have effects on employer coverage too, same as BCRA. https://t.co/EJxPqAXc…",2017-09-19 22:01:05+00:00,27,0.0,0.0,1.0,0.0
27,@nytimes,Read the study rejected by the Trump administration that shows the revenue brought in by refugees https://t.co/2Ye1rXzAMm,2017-09-19 21:48:00+00:00,28,-0.5106,0.0,0.829,0.171
28,@nytimes,"During the earthquake, some facades fell, crushing cars and trapping some people inside, officials said https://t.co/LZNRRpYqmS",2017-09-19 21:36:01+00:00,29,-0.3612,0.0,0.857,0.143
29,@nytimes,"Breaking News: At least 42 are dead in the earthquake in Mexico, and 20 buildings in Mexico City collapsed. https://t.co/DAG8h6EqGW",2017-09-19 21:23:41+00:00,30,-0.7506,0.0,0.738,0.262
30,@nytimes,"Looking for a new recipe? Try this potato nik. It's basically a giant, crisp potato pancake. https://t.co/QtQHmslYja https://t.co/H4YmOMxYKB",2017-09-19 21:16:07+00:00,31,0.0,0.0,1.0,0.0
31,@nytimes,"RT @nytimesbooks: Ellen Pao on being a woman in a man's world: “If you talk, you talk too much. If you don’t talk, you’re too quiet."" https…",2017-09-19 21:01:07+00:00,32,0.0,0.0,1.0,0.0
32,@nytimes,"For Yotam Ottolenghi, there's no limit to the number of times you can make a cake in order to get it right… https://t.co/Boq4JFjUdn",2017-09-19 20:46:07+00:00,33,-0.2263,0.055,0.851,0.094
33,@nytimes,NYT advertising reporter @sapna took part in a public relations crisis simulation. It ended badly. https://t.co/Zl6rWxB5Kz,2017-09-19 20:31:07+00:00,34,-0.802,0.0,0.644,0.356
34,@nytimes,What is it they say about teaching a man to fish? https://t.co/rYwymROOgG,2017-09-19 20:16:01+00:00,35,0.0,0.0,1.0,0.0
35,@nytimes,"RT @nytimesarts: A Rwanda-born choreographer tackles rape and genocide: ""A question of creating, mending, performing, witnessing"" https://t…",2017-09-19 20:01:02+00:00,36,-0.5423,0.105,0.67,0.225
36,@nytimes,"Almost two weeks after being grazed by Hurricane Irma, Puerto Rico is bracing for a potentially devastating sequel https://t.co/27mK3LKyjY",2017-09-19 19:46:04+00:00,37,-0.6486,0.0,0.798,0.202
37,@nytimes,A white man in Baton Rouge has been charged with murder in the killings of two black men last week https://t.co/VVw4IqFlda,2017-09-19 19:31:09+00:00,38,-0.9001,0.0,0.607,0.393
38,@nytimes,Here's a look at how past presidents have addressed the U.N. https://t.co/3IdnERa3Yx,2017-09-19 19:16:05+00:00,39,0.0,0.0,1.0,0.0
39,@nytimes,"A 7.1 earthquake struck close to Mexico City, rattling the capital for the second time in just two weeks https://t.co/8xr6Xj4jax",2017-09-19 18:59:30+00:00,40,-0.25,0.0,0.9,0.1
40,@nytimes,RT @kerrimac: New Instagram Story on https://t.co/SKJsd8KAHk: @bcsolomon is covering the Rohingya crisis from a makeshift refugee camp in B…,2017-09-19 18:46:05+00:00,41,-0.6249,0.0,0.814,0.186
41,@nytimes,"Trump's sharp-edged condemnations of North Korea, Iran and Venezuela drew the most attention in the room… https://t.co/uR6xBu3nkB",2017-09-19 18:29:02+00:00,42,0.0,0.0,1.0,0.0
42,@nytimes,President Trump drew a series of good-versus-evil lines in his bellicose speech to the United Nations… https://t.co/bdC1A3QoE0,2017-09-19 18:21:53+00:00,43,0.4215,0.157,0.843,0.0
43,@nytimes,The most rewarding parts of my far-flung trips have been the explorations of my own family https://t.co/eZtxNXAz3n,2017-09-19 18:01:07+00:00,44,0.6115,0.25,0.75,0.0
44,@nytimes,"RT @jessemckinley: .@NYGovCuomo bet big on casinos, but the results are a push, so far. https://t.co/OGMPe0Y3Yv",2017-09-19 17:47:16+00:00,45,0.0,0.0,1.0,0.0
45,@nytimes,The 2017 hurricane season really is more intense than normal https://t.co/nPX0GwJ0e4,2017-09-19 17:31:08+00:00,46,0.216,0.157,0.843,0.0
46,@nytimes,"California could become the first state to ban sale of puppies, bunnies and kittens that don't come from shelters https://t.co/MFFAWwN9NN",2017-09-19 17:16:05+00:00,47,-0.5574,0.0,0.841,0.159
47,@nytimes,RT @nytopinion: .@AmberTamblyn discussed her Op-Ed on the way we disbelieve women and how to change it — watch on Facebook: https://t.co/UY…,2017-09-19 17:01:05+00:00,48,-0.296,0.0,0.901,0.099
48,@nytimes,A towering monument to the designer of the AK-47 has been unveiled in central Moscow https://t.co/CEUaLVpZfq,2017-09-19 16:46:07+00:00,49,0.0,0.0,1.0,0.0
49,@nytimes,"10 years ago, Kharon Davis was charged with murder and booked into county jail. He is still there, awaiting trial. https://t.co/BSlWe11isV",2017-09-19 16:31:05+00:00,50,-0.7579,0.0,0.745,0.255
50,@nytimes,Tracking Hurricane Maria’s path https://t.co/511PLXLFTI https://t.co/uv9Ll0dFd0,2017-09-19 16:16:07+00:00,51,0.0,0.0,1.0,0.0
51,@nytimes,A new study found that playing tackle football before the age of 12 can lead to more brain problems later in life https://t.co/Vzoqbl8BIF,2017-09-19 16:01:34+00:00,52,-0.2911,0.073,0.807,0.12
52,@nytimes,Trump’s longtime lawyer said that critics are using rumors about Russia to undercut the president https://t.co/psqxdFjLCk,2017-09-19 15:47:28+00:00,53,-0.296,0.0,0.872,0.128
53,@nytimes,"RT @kenvogel: How I got the Cobb-Dowd @BLTSteakDC scoop, including shooing away @nytimes colleagues who unwittingly interrupted. https://t.…",2017-09-19 15:31:06+00:00,54,-0.1531,0.085,0.798,0.117
54,@nytimes,Climate change is complex. We've got answers to your questions. https://t.co/dgJbt0zFV1 https://t.co/0Ngm7oSXI3,2017-09-19 15:15:17+00:00,55,0.0,0.0,1.0,0.0
55,@nytimes,RT @nytpolitics: Jim Mattis said he thought the U.S. had military options to handle North Korea that would not put Seoul at risk https://t.…,2017-09-19 15:02:12+00:00,56,-0.2732,0.0,0.916,0.084
56,@nytimes,"After condemning North Korea,  Trump pivoted to the next “rogue nation” — Iran. https://t.co/BPi8TZ8rwg https://t.co/uawWlpMwWj",2017-09-19 14:49:34+00:00,57,0.0,0.0,1.0,0.0
57,@nytimes,"RT @juliehdavis: Trump uses UN address to argue against accepting refugees, says for cost of admitting 1 to US &gt; 10 can be helped closer to…",2017-09-19 14:41:21+00:00,58,0.0516,0.093,0.821,0.086
58,@nytimes,"Trump denounced Kim Jong-un, saying North Korea “threatens the entire world with unthinkable loss of life”… https://t.co/opZyuEYxj4",2017-09-19 14:37:15+00:00,59,-0.3182,0.0,0.874,0.126
59,@nytimes,"Breaking News: At the UN, Trump threatened to “totally destroy North Korea,” calling its leader a “rocket man” https://t.co/BPi8TZ8rwg",2017-09-19 14:30:16+00:00,60,-0.7579,0.0,0.711,0.289
60,@nytimes,"RT @rickgladstone: In his first #UNGA speech, Trump says: 
'we want harmony and friendship, not conflict and strife. we are guided by outco…",2017-09-19 14:18:35+00:00,61,0.7822,0.318,0.682,0.0
61,@nytimes,"Breaking News: Watch live as President Trump addresses the UN General Assembly for the first time
https://t.co/qbMpR9ntjB",2017-09-19 14:07:00+00:00,62,0.0,0.0,1.0,0.0
62,@nytimes,RT @melbournecoal: Why I cover the media https://t.co/8kZmkEV4oP,2017-09-19 14:05:02+00:00,63,0.0,0.0,1.0,0.0
63,@nytimes,Morning Briefing: Here's what you need to know to start your day https://t.co/04h4FXq8Ir https://t.co/7iR5PjN8Mf,2017-09-19 14:00:21+00:00,64,0.0,0.0,1.0,0.0
64,@nytimes,"From SNL to ""The Handmaid’s Tale,"" shows with a political — and anti-Trump — viewpoint ruled the day at the Emmys https://t.co/FItxvewdlp",2017-09-19 13:50:05+00:00,65,0.0,0.0,1.0,0.0
65,@nytimes,RT @mikiebarb: Must listen: @kenvogel describes when he realized Trump's lawyers were dishing about the Mueller probe over lunch: https://t…,2017-09-19 13:47:28+00:00,66,0.0,0.0,1.0,0.0
66,@nytimes,The 2017 hurricane season really is more intense than normal https://t.co/If4xZMI6qG,2017-09-19 13:40:10+00:00,67,0.216,0.157,0.843,0.0
67,@nytimes,Scottie Nell Hughes claims Fox News blacklisted her after she told the network she had been raped by Charles Payne https://t.co/S8qsBOxA0x,2017-09-19 13:30:10+00:00,68,-0.6808,0.0,0.813,0.187
68,@nytimes,"James Corden denies Kissing Sean Spicer — then apologizes, sort of. Our late-night roundup: https://t.co/KktLdthv96",2017-09-19 13:20:09+00:00,69,0.5267,0.31,0.55,0.14
69,@nytimes,Opinion: The Republican health care zombie is back https://t.co/sOpfm6c9V4,2017-09-19 13:00:10+00:00,70,0.4939,0.286,0.714,0.0
70,@nytimes,"The UN General Assembly is a particularly big moment for Trump, who will address the gathering for the first time https://t.co/kDUUvIVkKz",2017-09-19 12:51:09+00:00,71,0.0,0.0,1.0,0.0
71,@nytimes,"""There are moments where you go, why? Why take it that far?"" Jennifer Lawrence talks about ""Mother!"" https://t.co/ohrveapAks",2017-09-19 12:36:05+00:00,72,0.0,0.0,1.0,0.0
72,@nytimes,"Toys ""R"" Us filed for Chapter 11 bankruptcy protection, acknowledging it needed to revamp its long-term debt https://t.co/EHiieKFSyE",2017-09-19 12:21:03+00:00,73,-0.3612,0.0,0.872,0.128
73,@nytimes,"Scout Schultz, a Georgia Tech student leader who was shot dead by campus police, had left suicide notes https://t.co/TQgQVZpU1Q",2017-09-19 12:10:05+00:00,74,-0.8689,0.0,0.645,0.355
74,@nytimes,Morning Briefing: Here's what you need to know to start your day https://t.co/e0q3ns6RVM https://t.co/pFadDWlLlm,2017-09-19 12:00:25+00:00,75,0.0,0.0,1.0,0.0
75,@nytimes,"""So far we have lost all what money can buy and replace,"" Dominica’s prime minister wrote on Facebook https://t.co/WpoWCj9aBQ",2017-09-19 11:51:07+00:00,76,-0.3182,0.0,0.887,0.113
76,@nytimes,"Donald Trump Jr. gives up Secret Service protection, seeking privacy https://t.co/vmvZ3ULOe6",2017-09-19 11:40:06+00:00,77,0.0,0.0,1.0,0.0
77,@nytimes,"A Russian court refuses to reveal the fate of Raoul Wallenberg, the Swedish diplomat who saved Jews during WWII https://t.co/4pPWs8LaBQ",2017-09-19 11:30:07+00:00,78,0.4215,0.135,0.865,0.0
78,@nytimes,The Trump administration rejects a study showing positive impact of refugees https://t.co/8AOGh59Efh,2017-09-19 11:20:05+00:00,79,0.1027,0.228,0.57,0.203
79,@nytimes,The State Department tightens rules for visas to the U.S. https://t.co/vIzL5YdLqR,2017-09-19 11:10:03+00:00,80,0.0,0.0,1.0,0.0
80,@nytimes,A German court fined 3 people for failing to help an elderly man who had collapsed near ATMs https://t.co/iTbmh0wqf1,2017-09-19 11:00:12+00:00,81,-0.4019,0.122,0.633,0.244
81,@nytimes,Mueller and his team have used what some describe as shock-and-awe tactics in the Russia investigation https://t.co/3XP2NeTSrf,2017-09-19 10:50:02+00:00,82,0.0,0.0,1.0,0.0
82,@nytimes,"Robert Mueller's prosecutors told Paul Manafort they planned to indict him, said 2 people close to the investigation https://t.co/IpIvZuZPDB",2017-09-19 10:40:08+00:00,83,0.0,0.0,1.0,0.0
83,@nytimes,Morning Briefing: Here's what you need to know to start your day https://t.co/ufDYEQNPwt https://t.co/7nTguCfFtE,2017-09-19 10:30:07+00:00,84,0.0,0.0,1.0,0.0
84,@nytimes,Iceland's government falls after a letter asking to pardon a convicted pedophile https://t.co/TJfBx27X9X,2017-09-19 10:15:05+00:00,85,0.3182,0.187,0.813,0.0
85,@nytimes,"""He was quiet and kept to himself. You know, head down, never smiled."" On the suspects in the London Tube bombing: https://t.co/u7PDCbfGdV",2017-09-19 10:00:11+00:00,86,-0.34,0.0,0.897,0.103
86,@nytimes,"The island nation of Dominica has suffered ""mind boggling"" damage, its leader said https://t.co/nLGDvYGXFp",2017-09-19 09:49:23+00:00,87,-0.7506,0.0,0.652,0.348
87,@nytimes,"Breaking News: Hurricane Maria has begun to batter the Caribbean
https://t.co/6OjJWz3Qg4",2017-09-19 09:48:39+00:00,88,0.0,0.0,1.0,0.0
88,@nytimes,An angry confrontation. Fears of recordings. Trump’s lawyers are clashing over cooperating with the Russia inquiry. https://t.co/RZjP552Gn2,2017-09-19 09:45:07+00:00,89,-0.8126,0.0,0.625,0.375
89,@nytimes,Photos from the Emmys red carpet https://t.co/AOaMHo7mRJ,2017-09-19 09:30:08+00:00,90,0.0,0.0,1.0,0.0
90,@nytimes,A group of amateur UK archaeologists stumble on a Roman masterpiece https://t.co/GrhBIgcmO3,2017-09-19 09:15:06+00:00,91,0.6249,0.313,0.687,0.0
91,@nytimes,Satellite images show that at least 200 villages of Myanmar’s Rohingya ethnic minority have been set on fire https://t.co/ZRlsu9ymbt,2017-09-19 09:00:15+00:00,92,-0.34,0.0,0.882,0.118
92,@nytimes,"RT @nytopinion: Yugoslav punk bands already existed by 1977, the year the Clash released its first album in Britain https://t.co/g3yjlkTp5U",2017-09-19 08:44:05+00:00,93,0.0,0.0,1.0,0.0
93,@nytimes,"They picked Manafort's lock in July, raided his home and threatened to indict him. Inside Mueller's tough tactics: https://t.co/VUDgPZeNUB",2017-09-19 08:30:05+00:00,94,-0.5423,0.0,0.791,0.209
94,@nytimes,"RT @EllenBarryNYT: Did you read ""How to Get Away With Murder in Small-Town India""? The UP police did. And there's been an arrest. https://t…",2017-09-19 08:15:05+00:00,95,-0.7964,0.0,0.756,0.244
95,@nytimes,"New Zealanders rarely get a chance to see movies in their own indigenous language. That changed with ""Moana."" https://t.co/kRSGbWzdDy",2017-09-19 07:55:07+00:00,96,-0.1877,0.0,0.907,0.093
96,@nytimes,An 18-year-old Iraqi orphan and a 21-year-old from Syria: the two suspects in the London Underground bombing https://t.co/TbR0tJCx4y,2017-09-19 07:40:06+00:00,97,-0.34,0.0,0.87,0.13
97,@nytimes,"In Turkey's new curriculum, Darwin is out, jihad is in and Erdogan's crackdown on opposition is lauded as ""heroic"" https://t.co/Q6LpTNYue8",2017-09-19 07:30:05+00:00,98,0.0,0.0,1.0,0.0
98,@nytimes,"Toys “R” Us, one of the world’s largest toy store chains, has filed for bankruptcy protection https://t.co/0Dy56A8CIP",2017-09-19 07:20:05+00:00,99,0.0,0.0,1.0,0.0
99,@nytimes,Apple’s iOS11 for iPhones and iPads is set to roll out on Tuesday. Here are some of the biggest changes: https://t.co/CVED5I7YdL,2017-09-19 07:10:07+00:00,100,0.0,0.0,1.0,0.0
100,@FoxNews,Woman kayaker in Amazon shot dead by pirates who robbed for her GoPro https://t.co/nUDT4liJMJ via @TheSun,2017-09-20 03:24:38+00:00,1,-0.5574,0.085,0.7,0.215
101,@FoxNews,#Hannity: 'President #Trump Has Been Vindicated' By Report of Spying on Manafort https://t.co/hVYKiUvd8s,2017-09-20 03:00:16+00:00,2,0.4215,0.189,0.811,0.0
102,@FoxNews,"Venezuelan Envoy Compares Trump's UN Speech to Reagan, Thinks It's an Insult https://t.co/lHqV86GLjj",2017-09-20 02:59:36+00:00,3,-0.5106,0.0,0.784,0.216
103,@FoxNews,Pres. el-Sisi: Rectifying the religious rhetoric means that we want to filter the false ideology &amp; the misconceptio… https://t.co/CkkYLwmEhS,2017-09-20 02:54:12+00:00,4,0.0772,0.067,0.933,0.0
104,@FoxNews,".@GovMikeHuckabee: ""[President #Trump's] speech today was bold, and it was a mark of clarity."" #Hannity https://t.co/ymLAONJm6e",2017-09-20 02:45:48+00:00,5,0.3818,0.157,0.843,0.0
105,@FoxNews,Fallen soldier's arrival home brings plane's passengers to tears https://t.co/Ou5IfBKLiT,2017-09-20 02:21:38+00:00,6,-0.5267,0.0,0.645,0.355
106,@FoxNews,".@seanhannity: ""It's beyond refreshing and encouraging to have a president who is not afraid to call out radical Is… https://t.co/tetVXBB2lb",2017-09-20 02:16:51+00:00,7,0.5267,0.159,0.841,0.0
107,@FoxNews,".@jessebwatters on @BarackObama's reported Wall Street speeches:  ""He finally came around to capitalism."" #TheFive… https://t.co/iATa0LACrP",2017-09-20 01:55:15+00:00,8,0.0,0.0,1.0,0.0
108,@FoxNews,"NJ Gov. Candidate Sends Democratic Opponent a Box of Calculators to Help Find 'True Cost' of Campaign Promises    
  https://t.co/mqKg58nieQ",2017-09-20 01:50:09+00:00,9,0.7964,0.351,0.649,0.0
109,@FoxNews,".@TuckerCarlson Battles #DACA Supporter: 'You Get Arrested for Not Having a Hunting License' #Tucker
 https://t.co/hXYalgZdNL",2017-09-20 01:43:43+00:00,10,-0.5574,0.112,0.585,0.303
110,@FoxNews,"Austin bakery at center of gun rights debate after evicting customer with concealed weapon
 https://t.co/amxO8qGYWF",2017-09-20 01:37:31+00:00,11,-0.5574,0.0,0.739,0.261
111,@FoxNews,.@kimguilfoyle on warning to Kim Jong Un: This has become full-time job dealing w/ Rocket Man. He has a funny name… https://t.co/NYrKMrz7Eh,2017-09-20 01:29:43+00:00,12,0.128,0.119,0.782,0.099
112,@FoxNews,"Teen returns wallet w/ $1500 cash. Woman in home said, ""It's sad that I didn't trust him to open my door when he wa… https://t.co/TGUn6pZ73v",2017-09-20 01:06:48+00:00,13,-0.7005,0.0,0.791,0.209
113,@FoxNews,Hocus POTUS: CA Witch Talks Casting Monthly 'Binding' Spell on @POTUS | #Tucker https://t.co/ksJMBuDOuD,2017-09-20 01:04:03+00:00,14,-0.3612,0.0,0.828,0.172
114,@FoxNews,"Hurricane Maria takes aim at Puerto Rico, US Virgin Islands as Category 5 storm strengthens https://t.co/mPPOtIitWJ https://t.co/3xauGimvd6",2017-09-20 01:02:23+00:00,15,0.4588,0.167,0.833,0.0
115,@FoxNews,"#Trump Addresses United Nations, Vows to 'Always Put America First' https://t.co/e76kJfEVPv",2017-09-20 00:56:37+00:00,16,0.4215,0.219,0.781,0.0
116,@FoxNews,.@jasoninthehouse: Those Preaching Tolerance Are 'Least Tolerant of Anybody' | #TheStory https://t.co/nEazn9mCHk,2017-09-20 00:31:36+00:00,17,0.0992,0.169,0.692,0.139
117,@FoxNews,.@TuckerCarlson Breaks Down New #Trump Wiretap Report: 'Rogue' Intel Agencies or DC 'Collusion'… https://t.co/RPHxOOy6k8,2017-09-20 00:31:05+00:00,18,0.0,0.0,1.0,0.0
118,@FoxNews,"Bill Richardson on North Korea: ""I don't think a preemptive military strike is going to work."" #Tucker https://t.co/1QaJCeh2bU",2017-09-20 00:28:45+00:00,19,-0.128,0.0,0.914,0.086
119,@FoxNews,Tillerson says Iran nuclear deal 'really has to be revisited' https://t.co/jX0dMGyLcz,2017-09-20 00:20:20+00:00,20,0.0,0.0,1.0,0.0
120,@FoxNews,Threatening a 'War Crime': Mainstream Media Reacts to #Trump's UN Speech https://t.co/LgbZrbhZAi,2017-09-20 00:19:14+00:00,21,-0.8074,0.0,0.552,0.448
121,@FoxNews,".@TheJuanWilliams: ""The kind of war that is being conducted against us is obviously a cyber war."" #Tucker https://t.co/2Q7JVN3CAw",2017-09-20 00:18:32+00:00,22,-0.6361,0.0,0.792,0.208
122,@FoxNews,".@jasoninthehouse: ""Those who preach the most tolerance are oftentimes those who are the least tolerant of anybody.… https://t.co/RhkDm3uRQb",2017-09-20 00:03:07+00:00,23,0.1727,0.123,0.788,0.089
123,@FoxNews,"7.1 magnitude earthquake kills more than 100 in Mexico, collapses buildings
https://t.co/333eyU0JOn",2017-09-19 23:53:17+00:00,24,-0.6908,0.0,0.637,0.363
124,@FoxNews,.@SenatorLankford previews public intel committee meeting with #Trump lawyer set for October. #TheStory https://t.co/RWXvqTcYTb,2017-09-19 23:43:52+00:00,25,0.0,0.0,1.0,0.0
125,@FoxNews,".@SenatorLankford: Wiretap reports are ""reason we need oversight"" over our intel operations. #TheStory https://t.co/xgGl18Z8Gv",2017-09-19 23:32:47+00:00,26,0.0,0.0,1.0,0.0
126,@FoxNews,.@marcthiessen reacts to @POTUS singling out rogue nations at United Nations General Assembly.… https://t.co/0iDiSRb819,2017-09-19 23:25:22+00:00,27,0.4215,0.177,0.823,0.0
127,@FoxNews,"State Secy Tillerson on Iran nuke deal: ""We can almost start the countdown clock as to when they will resume the nu… https://t.co/PQCbPKJBoH",2017-09-19 23:21:14+00:00,28,0.0,0.0,1.0,0.0
128,@FoxNews,".@marcthiessen: ""I thought it was an outstanding speech. It made me proud to be an American to hear my commander-in… https://t.co/wVgaQRl89u",2017-09-19 23:12:40+00:00,29,0.7964,0.272,0.728,0.0
129,@FoxNews,"Secretary of State Tillerson on @POTUS' speech at @UN: ""I thought the President's speech was extraordinary.""… https://t.co/jg5S32JzaC",2017-09-19 23:12:10+00:00,30,0.0,0.0,1.0,0.0
130,@FoxNews,"Robert Kennedy son pays fine after wild house party
 https://t.co/gyw7D750cx",2017-09-19 22:48:26+00:00,31,0.5423,0.36,0.64,0.0
131,@FoxNews,"Activists want ocean garbage patch to be new country
 https://t.co/xD1M1yjzFl",2017-09-19 22:36:00+00:00,32,0.0772,0.126,0.874,0.0
132,@FoxNews,".@ChrisStirewalt: Mueller v. #Trump is about to blow up
 https://t.co/j1SgRGsUVt",2017-09-19 22:20:50+00:00,33,0.0,0.0,1.0,0.0
133,@FoxNews,Hurricane warning vs. watch: How are they different? https://t.co/mrNpImsGff,2017-09-19 22:03:56+00:00,34,-0.34,0.0,0.769,0.231
134,@FoxNews,"Attorney General Jeff Sessions blasts California lawmakers for passing sanctuary state bill, says lives at stake
 https://t.co/Wmjo82lJSi",2017-09-19 21:49:25+00:00,35,0.0,0.0,1.0,0.0
135,@FoxNews,"Venezuelan Envoy Compares #Trump's @UN Speech to Reagan, Thinks It's an Insult 
 https://t.co/lHqV86GLjj",2017-09-19 21:26:47+00:00,36,-0.5106,0.0,0.784,0.216
136,@FoxNews,.@POTUS and @FLOTUS tweeted messages to those affected by the 7.1 magnitude earthquake near Mexico City on Tuesday.… https://t.co/RsfEwtsx2s,2017-09-19 20:56:58+00:00,37,-0.1531,0.0,0.918,0.082
137,@FoxNews,Third man arrested in London Underground attack https://t.co/4Gv1kkQU6t,2017-09-19 20:36:25+00:00,38,-0.7351,0.0,0.492,0.508
138,@FoxNews,Rescue workers &amp; volunteers search a building that collapsed after an earthquake in downtown Mexico City on Tuesday… https://t.co/W9EkcM4XKe,2017-09-19 20:28:20+00:00,39,0.296,0.154,0.748,0.098
139,@FoxNews,DEVELOPING: At least two people have reportedly died in Mexico after a 7.1 magnitude earthquake hit Tuesday. https://t.co/OiOxzx1WOh,2017-09-19 20:22:29+00:00,40,-0.5574,0.0,0.816,0.184
140,@FoxNews,"#PlannedParenthood hooks up with @okcupid. Guess what this cynical partnership is really about
 https://t.co/ElYX2xCNRf",2017-09-19 20:12:27+00:00,41,-0.4588,0.0,0.812,0.188
141,@FoxNews,"'They Should Be Walking With Blindfolds': @SenSchumer Blasts @GOP for 'TrumpCare II' Bill    
 https://t.co/IMYrrtaiye",2017-09-19 19:47:09+00:00,42,0.0,0.0,1.0,0.0
142,@FoxNews,"Democratic congressmen arrested in protests outside #Trump Tower
 https://t.co/fk109RyRvR",2017-09-19 19:44:46+00:00,43,-0.6124,0.0,0.583,0.417
143,@FoxNews,Retail Apocalypse: 20 big retailers closing stores in 2017 https://t.co/PwCkrYMVtI,2017-09-19 19:15:50+00:00,44,0.0,0.0,1.0,0.0
144,@FoxNews,"Can the US military shoot down a North Korean missile?
 https://t.co/0pFn2rlFjQ",2017-09-19 19:08:59+00:00,45,-0.34,0.0,0.789,0.211
145,@FoxNews,.@LisaMarieBoothe: 'Dreamers' should be angry at Pelosi and Schumer https://t.co/3DjXCe0LLH,2017-09-19 19:08:28+00:00,46,-0.5106,0.0,0.732,0.268
146,@FoxNews,".@SenSchumer on Graham/Cassidy bill: ""It's even more dangerous and more reckless than the previous bill...Simply pu… https://t.co/DA6YzoTFMB",2017-09-19 18:59:06+00:00,47,-0.7496,0.0,0.701,0.299
147,@FoxNews,BREAKING: 7.1 magnitude earthquake shakes Mexico City https://t.co/333eyU0JOn,2017-09-19 18:40:25+00:00,48,0.0,0.0,1.0,0.0
148,@FoxNews,"Moments ago, President #Trump gave a toast to ""the great, great potential of the United Nations."" #UNGA https://t.co/EcsaAAfabS",2017-09-19 18:15:06+00:00,49,0.9001,0.44,0.56,0.0
149,@FoxNews,".@LeslieMarshall on @POTUS's UN speech: ""This is not a rally, this is not his base... The UN stage is not a place t… https://t.co/cVBplHP3DK",2017-09-19 17:27:16+00:00,50,0.0,0.0,1.0,0.0
150,@FoxNews,MOMENTS AGO: @realDonaldTrump's motorcade returned to the @UN for the afternoon session. https://t.co/631WxpARBu,2017-09-19 17:11:32+00:00,51,0.0,0.0,1.0,0.0
151,@FoxNews,".@FoxNewsOpinion: Sticking to script, President #Trump sticks it to the UN https://t.co/xMrkAHRvhE",2017-09-19 17:10:33+00:00,52,0.0,0.0,1.0,0.0
152,@FoxNews,".@SenJohnMcCain comforts a man whose son died in the USS Fitzgerald collision, after a hearing on recent Navy incid… https://t.co/5ssBUuds60",2017-09-19 17:03:51+00:00,53,-0.4588,0.128,0.62,0.252
153,@FoxNews,"UN Speech: Trump Says 'Rocket Man' Kim Jong Un on 'Suicide Mission,' in Broadside at 'Rogue Regimes' https://t.co/6vyT1UQuCz",2017-09-19 16:57:48+00:00,54,-0.6705,0.0,0.791,0.209
154,@FoxNews,President #DonaldTrump criticized socialism and communism during his #UNGA address on Tuesday.… https://t.co/ZMaoPD5QM6,2017-09-19 16:29:39+00:00,55,-0.3612,0.0,0.828,0.172
155,@FoxNews,"Huckabee: @POTUS ""was acting like the President of the United States and not someone who is coming in to beg forgiv… https://t.co/i0KJURPuww",2017-09-19 16:23:31+00:00,56,0.6486,0.209,0.791,0.0
156,@FoxNews,'#TrumpVindicated'? Manafort wiretap report could boost #Trump's claim after months of media mocking https://t.co/jNRvL1qxeV,2017-09-19 16:13:12+00:00,57,0.0,0.155,0.69,0.155
157,@FoxNews,Israeli PM @netanyahu offered praise for @POTUS' #UNGA speech: President #Trump spoke the truth about the great dan… https://t.co/K1bATu0m8K,2017-09-19 16:11:39+00:00,58,0.875,0.385,0.615,0.0
158,@FoxNews,.@AmbJohnBolton: President #Trump's UN speech showed he's not going to tolerate 'half-measures &amp; compromises' #UNGA https://t.co/DNuBETBDHe,2017-09-19 16:00:05+00:00,59,0.0,0.0,1.0,0.0
159,@FoxNews,"President #DonaldTrump to #UNGA: North Korea’s ""rocket man"" is on a suicide mission. https://t.co/OxMHPGv50R https://t.co/5tzqAxvUM3",2017-09-19 15:19:05+00:00,60,-0.6705,0.0,0.743,0.257
160,@FoxNews,"RT @FoxNewsResearch: North Korea ?
•source country for forced labor &amp; sex trafficking
•holds apx 80K to 120K prisoners in political prison…",2017-09-19 15:18:17+00:00,61,-0.743,0.0,0.751,0.249
161,@FoxNews,".@POTUS vowed to put ""America first"" during his #UNGA address. https://t.co/OxMHPGv50R https://t.co/mllWnQsjVe",2017-09-19 15:08:36+00:00,62,0.0,0.0,1.0,0.0
162,@FoxNews,".@RepDeSantis on @POTUS's speech to the @UN General Assembly: ""This is the international UN version of draining the… https://t.co/F8IZNjuuCy",2017-09-19 14:58:04+00:00,63,0.0,0.0,1.0,0.0
163,@FoxNews,“The United States bears an unfair cost burden.” – @POTUS? on the U.S. financial contribution to the United Nations… https://t.co/DE0ZeSqdkY,2017-09-19 14:55:29+00:00,64,0.3612,0.227,0.648,0.126
164,@FoxNews,".@POTUS: ""We will fight together, sacrifice together and stand together for peace."" https://t.co/OxMHPGv50R https://t.co/4bPtMqEswe",2017-09-19 14:49:07+00:00,65,-0.3818,0.0,0.833,0.167
165,@FoxNews,".@POTUS: ""The American story is the story of what is possible when people take ownership of their future.""… https://t.co/XVF93M9VHU",2017-09-19 14:46:14+00:00,66,0.0,0.0,1.0,0.0
166,@FoxNews,".@POTUS at #UNGA:  ""[Iran nuclear] deal is an embarrassment to the United States.” https://t.co/Nytti82vjN",2017-09-19 14:43:37+00:00,67,-0.0258,0.158,0.678,0.164
167,@FoxNews,".@POTUS: ""We must never forget that those heroes who fought against evil also fought for the nations that they love… https://t.co/g6zI8M7jdt",2017-09-19 14:42:58+00:00,68,-0.6167,0.166,0.534,0.3
168,@FoxNews,".@POTUS: ""Wherever true socialism or communism has been adopted it has delivered anguish, devastation and failure."" https://t.co/qNSNdbwcCc",2017-09-19 14:41:07+00:00,69,-0.5994,0.119,0.596,0.285
169,@FoxNews,".@POTUS: ""The Venezuelan people are starving and its country is collapsing."" https://t.co/OxMHPGv50R https://t.co/2IStudW1vf",2017-09-19 14:37:28+00:00,70,-0.4215,0.0,0.811,0.189
170,@FoxNews,".@POTUS: ""We will not lift sanctions on the Cuban government until it makes fundamental reforms.""… https://t.co/YewAj8CbWK",2017-09-19 14:36:10+00:00,71,0.0,0.0,1.0,0.0
171,@FoxNews,".@POTUS: ""The United Nations must reform if it is to be an effective partner in confronting threats to sovereignty.… https://t.co/xzUylRFxbC",2017-09-19 14:35:16+00:00,72,0.3612,0.224,0.608,0.167
172,@FoxNews,".@POTUS: ""For the cost of resettling 1 refugee in the United States, we can assist more than 10 in their home regio… https://t.co/aVFC3493uJ",2017-09-19 14:31:48+00:00,73,0.4215,0.118,0.882,0.0
173,@FoxNews,".@POTUS: ""If [the U.S.] is forced to defend itself or its allies, we will have no choice but to totally destroy Nor… https://t.co/pFofdUY1gB",2017-09-19 14:31:44+00:00,74,-0.8312,0.0,0.695,0.305
174,@FoxNews,".@POTUS on Syria: ""No society can be safe if banned chemical weapons are allowed to spread."" https://t.co/OxMHPGv50R https://t.co/VRKZGD31qZ",2017-09-19 14:30:10+00:00,75,-0.6369,0.116,0.56,0.324
175,@FoxNews,".@POTUS: ""The United States and our allies are working together... to crush the loser terrorists.""… https://t.co/PmYVqH7cgy",2017-09-19 14:28:31+00:00,76,-0.296,0.135,0.625,0.24
176,@FoxNews,".@POTUS: ""Iran's government must stop supporting terrorists."" https://t.co/OxMHPGv50R https://t.co/eaCiUsGwQP",2017-09-19 14:24:53+00:00,77,0.1779,0.24,0.579,0.182
177,@FoxNews,"In his first #UNGA speech, @POTUS? vowed to “always put America first.”  https://t.co/OxMHPGMFSp https://t.co/zYcs6z3iNN",2017-09-19 14:21:08+00:00,78,0.0,0.0,1.0,0.0
178,@FoxNews,".@POTUS: ""We must confront together, those who threaten us with chaos, turmoil and terror."" https://t.co/OxMHPGv50R https://t.co/SJOprglcQU",2017-09-19 14:19:58+00:00,79,-0.8591,0.0,0.533,0.467
179,@FoxNews,".@POTUS: ""We must fulfill our sovereign duty to the people we faithfully represent."" https://t.co/OxMHPGv50R https://t.co/MtkSNpvgcA",2017-09-19 14:19:06+00:00,80,0.6908,0.305,0.695,0.0
180,@FoxNews,".@POTUS: ""We want harmony and friendship not conflict and strife."" https://t.co/OxMHPGv50R https://t.co/wvJ7Qfsxr0",2017-09-19 14:17:52+00:00,81,0.7822,0.526,0.474,0.0
181,@FoxNews,".@POTUS: ""As President of the United States, I will always put America first."" https://t.co/OxMHPGv50R https://t.co/rPf6eZT6t5",2017-09-19 14:16:30+00:00,82,0.4215,0.177,0.823,0.0
182,@FoxNews,".@POTUS: ""Generations of Americans have sacrificed to maintain... the promise of our country.""… https://t.co/zp9wPU19QC",2017-09-19 14:15:33+00:00,83,0.3182,0.15,0.85,0.0
183,@FoxNews,".@POTUS: ""Strong sovereign nations allow individuals to flourish in the fullness of life intended by God.""… https://t.co/EDr7nD06rW",2017-09-19 14:13:04+00:00,84,0.6369,0.257,0.743,0.0
184,@FoxNews,".@POTUS: ""Our success depends on a coalition of strong and independent nations that embrace their sovereignty.""… https://t.co/nXeyLqYhpH",2017-09-19 14:11:11+00:00,85,0.8519,0.417,0.583,0.0
185,@FoxNews,".@POTUS: ""We meet at a time of both immense promise and great peril."" https://t.co/OxMHPGv50R https://t.co/3eoftS426x",2017-09-19 14:09:34+00:00,86,0.7506,0.348,0.652,0.0
186,@FoxNews,".@POTUS: ""Terrorists and extremists have gathered strength and spread to every region of the planet.""… https://t.co/siDyHc9xLW",2017-09-19 14:07:27+00:00,87,-0.2263,0.15,0.657,0.192
187,@FoxNews,".@POTUS: ""Our military will soon be the strongest it has ever been."" https://t.co/OxMHPGv50R https://t.co/MgAEbduzJK",2017-09-19 14:06:37+00:00,88,0.4404,0.182,0.818,0.0
188,@FoxNews,".@POTUS: ""The United States has done very well since election day."" https://t.co/OxMHPGv50R https://t.co/h4nFZ9ksB9",2017-09-19 14:06:01+00:00,89,0.6361,0.321,0.679,0.0
189,@FoxNews,".@POTUS: It is a profound honor to stand here in my home city as a representative of the American people, to addres… https://t.co/TlUk9CLTIe",2017-09-19 14:05:21+00:00,90,0.4939,0.138,0.862,0.0
190,@FoxNews,President @realDonaldTrump arrives at the United Nations to deliver his speech to the General Assembly… https://t.co/AdhrxECdbx,2017-09-19 14:00:26+00:00,91,0.4215,0.157,0.843,0.0
191,@FoxNews,MOMENTS AGO: @realDonaldTrump departed for the @UN ahead of his speech to the UN General Assembly https://t.co/JACgwKTYiY,2017-09-19 13:57:26+00:00,92,0.0,0.0,1.0,0.0
192,@FoxNews,".@RandPaul on the @UN: ""We pay too much and get too little in return... We should get a vote proportional to how mu… https://t.co/gbvVxOuY62",2017-09-19 13:52:21+00:00,93,-0.1027,0.0,0.94,0.06
193,@FoxNews,".@RandPaul on the Graham-Cassidy health care plan: ""This is not a repeal bill."" https://t.co/1P4KamDntg https://t.co/WphOx2nf0Y",2017-09-19 13:50:16+00:00,94,0.4939,0.198,0.802,0.0
194,@FoxNews,.@dbongino on 'Dreamers' Confronting @NancyPelosi: 'A Dumb Strategy All Around' https://t.co/2mZMwWZm0i,2017-09-19 13:36:18+00:00,95,-0.5994,0.0,0.647,0.353
195,@FoxNews,Israel shoots down Hezbollah drone with a Patriot missile https://t.co/UFVb0jReSc,2017-09-19 13:32:12+00:00,96,0.0,0.0,1.0,0.0
196,@FoxNews,RT @foxnewspolitics: Trump Sets Stage for 'Big Day' at UN Ahead of Speech - via @brookefoxnews https://t.co/BXwzFl8ucn,2017-09-19 13:31:13+00:00,97,0.0,0.0,1.0,0.0
197,@FoxNews,"@AmbJohnBolton: ""I think we should pull out of the Iran Nuclear Deal. It was a debacle for the United States."" https://t.co/HGcyA4J8vb",2017-09-19 13:11:06+00:00,98,0.4215,0.128,0.872,0.0
198,@FoxNews,"WATCH: Laura Ingraham Discusses 'Ingraham Angle,' 'Dreamers' Confronting Pelosi https://t.co/EyuK2PyxCv",2017-09-19 13:05:03+00:00,99,-0.1531,0.0,0.849,0.151
199,@FoxNews,"Doris Day, 95, still devoted to rescuing animals and music, says business manager https://t.co/ZL196Ljudu",2017-09-19 12:58:56+00:00,100,0.4019,0.172,0.828,0.0
200,@CNN,"Norway's giant pension fund is now worth over $1 trillion. Yes, 1 followed by 12 zeros. https://t.co/XjGvdWMo87 https://t.co/ngi5nu2ijl",2017-09-20 03:15:11+00:00,1,0.5574,0.235,0.765,0.0
201,@CNN,"Glass breaks off a building after a 7.1-magnitude earthquake struck Mexico City, killing more than 100 people… https://t.co/xUKrc0JBzH",2017-09-20 03:04:59+00:00,2,-0.7506,0.0,0.686,0.314
202,@CNN,How Republicans senators say they'll vote on the Graham-Cassidy health care bill https://t.co/HQO71SuSgs https://t.co/l8gVDLeHwI,2017-09-20 03:00:29+00:00,3,0.4939,0.198,0.802,0.0
203,@CNN,RT @CNNTonight: Democrat @RepSwalwell: Almost everyone on Trump team has not been forthcoming when describing contacts with Russians https:…,2017-09-20 02:55:38+00:00,4,0.0,0.0,1.0,0.0
204,@CNN,"After Russian Facebook ads, Democrats seek new Federal Election Commission rules on social media politics… https://t.co/yOcMWWHuQH",2017-09-20 02:41:07+00:00,5,0.0,0.0,1.0,0.0
205,@CNN,"RT @AC360: Democrat Rep Himes: Mueller may be trying to ""turn"" Manafort to testify against other people https://t.co/Z6YuX8O3ey",2017-09-20 02:34:24+00:00,6,0.0,0.0,1.0,0.0
206,@CNN,Germany's car industry has a tough new critic: Chancellor Angela Merkel https://t.co/gyf5DpcVuu https://t.co/k2kUJd0n1j,2017-09-20 02:29:04+00:00,7,-0.3818,0.0,0.735,0.265
207,@CNN,Bed Bath &amp; Beyond shares plunge after disappointing earnings report https://t.co/cznszMMgkk https://t.co/2NiPEpars7,2017-09-20 02:26:15+00:00,8,-0.25,0.143,0.649,0.208
208,@CNN,"Biden calls out review of Obama-era Title IX guidance, cites ""new challenges"" in combating campus sexual assault… https://t.co/whBI5IjKkl",2017-09-20 02:20:20+00:00,9,0.0772,0.071,0.929,0.0
209,@CNN,"Gov. Ricardo Rosselló: Conditions deteriorating; We're expecting ""worst hurricane in modern history in Puerto Rico"" https://t.co/t5Zizd3XE0",2017-09-20 02:18:45+00:00,10,-0.6249,0.0,0.785,0.215
210,@CNN,"Hours after a drill in Mexico City commemorating a 1985 earthquake, the real thing struck https://t.co/wxtyw8crgl https://t.co/UegRE2Qnd7",2017-09-20 02:15:05+00:00,11,-0.25,0.0,0.875,0.125
211,@CNN,Apple's latest mobile operating system iOS 11 is now available as a free download on iPhones and iPads… https://t.co/7J0dzw7mi5,2017-09-20 02:08:39+00:00,12,0.5106,0.163,0.837,0.0
212,@CNN,Amazon mistakenly sends baby registry emails to people with no babies on the way https://t.co/Z10zP1Lb7i https://t.co/tfV0xMbVJc,2017-09-20 02:02:49+00:00,13,-0.4019,0.089,0.681,0.23
213,@CNN,"Equifax says hackers stole data on 100,000 Canadians https://t.co/91M6KWye39 https://t.co/MiFboyel05",2017-09-20 01:57:03+00:00,14,0.0,0.0,1.0,0.0
214,@CNN,"Americans are worried about the Equifax hack. They're just not doing much about it, a poll suggests.… https://t.co/TIKO9Aqc9I",2017-09-20 01:51:16+00:00,15,-0.296,0.0,0.879,0.121
215,@CNN,RT @CNNweather: Hurricane #Jose ties a long-standing record as the longest-lasting hurricane since Frances (1980) https://t.co/faVPCecqQ2,2017-09-20 01:48:14+00:00,16,0.0,0.0,1.0,0.0
216,@CNN,Photos show a magnitude-7.1 earthquake's destruction in central Mexico https://t.co/2MnQogvOvb https://t.co/YHxKdnalRx,2017-09-20 01:45:08+00:00,17,-0.5719,0.0,0.709,0.291
217,@CNN,"""When the earthquake hit, I was on a moving plane on the runway at Mexico City airport."" https://t.co/llx03m4pLd",2017-09-20 01:39:13+00:00,18,0.0,0.0,1.0,0.0
218,@CNN,RT @AC360: New video emerges from Mexico City as magnitude 7.1 earthquake strikes center of country https://t.co/Dsh6QWKDyj,2017-09-20 01:15:35+00:00,19,-0.3612,0.0,0.865,0.135
219,@CNN,"NOAA Hurricane Hunters flight director: Cat. 5 Hurricane Maria has leveled off at an ""extreme level of intensity"" https://t.co/53ekpMGBeh",2017-09-20 01:14:51+00:00,20,0.0,0.0,1.0,0.0
220,@CNN,".@tomfriedman reacts to President Trump's UN speech: ""Its a worldview I just don't share, Anderson"" https://t.co/B6yLxwKb0u",2017-09-20 01:13:38+00:00,21,-0.2235,0.0,0.873,0.127
221,@CNN,US Sen. Cory Gardner launches a push to expel North Korea from the United Nations https://t.co/HMXdLsdCpv https://t.co/4X7YG5vLml,2017-09-20 01:08:44+00:00,22,-0.0258,0.142,0.711,0.147
222,@CNN,"Hurricane Maria went from Category 1 to Category 5 in just 15 hours. @chadmyerscnn explains ""rapid intensification""… https://t.co/IrSxIOJZj4",2017-09-20 00:57:19+00:00,23,0.0,0.0,1.0,0.0
223,@CNN,Destruction in Mexico City after a 7.1-magnitude earthquake strikes central Mexico https://t.co/VyY1WsoLzd https://t.co/SSpY5I7yWY,2017-09-20 00:54:23+00:00,24,-0.7351,0.0,0.617,0.383
224,@CNN,"The world is running out of antibiotics, the WHO says https://t.co/jRfMXdFqn9 https://t.co/CvbmuDOBjW",2017-09-20 00:42:48+00:00,25,0.0,0.0,1.0,0.0
225,@CNN,"RT @OutFrontCNN: #Trump launches his latest nickname: ""I'm not the man they think I am at home...Oh no no no I'm a rocket man"" ? https://t.…",2017-09-20 00:31:53+00:00,26,-0.6808,0.0,0.752,0.248
226,@CNN,"Frmr Nixon counsel Dean: Mueller playing hardball with Manafort, tactics are ""very unusual"" https://t.co/8owq4LC0dw https://t.co/1ApnZ9bSaz",2017-09-20 00:31:10+00:00,27,0.2023,0.114,0.886,0.0
227,@CNN,"RT @OutFrontCNN: ""It's just #Trumpcare again. It's a zombie Trumpcare bill."" @SenMarkey on #GOP's Hail Mary plan to repeal #Obamacare https…",2017-09-20 00:29:13+00:00,28,0.0772,0.064,0.936,0.0
228,@CNN,Exclusive: Mueller’s team is reaching back 11 years in its investigation of former Trump campaign chairman Manafort… https://t.co/NOSx8UNXvn,2017-09-20 00:05:35+00:00,29,0.3182,0.171,0.829,0.0
229,@CNN,"RT @OutFrontCNN: Calling Kim Jong Un ""Rocket Man"" wasn't an ad-lib. Per @Acosta it was chosen bc ""it translates clearly into Chinese"" https…",2017-09-19 23:50:35+00:00,30,0.4019,0.109,0.891,0.0
230,@CNN,"The Interior Department is getting ""Big Buck Hunter Pro"" as part of initiative ""to reemphasize hunting and fishing""… https://t.co/IRmRaoVB8v",2017-09-19 23:45:53+00:00,31,0.0,0.0,1.0,0.0
231,@CNN,Chipotle's queso is shaping up to be another disappointment for the struggling fast food chain… https://t.co/7gyG4No4Ib,2017-09-19 23:35:21+00:00,32,-0.7269,0.0,0.697,0.303
232,@CNN,"Looking for news updates on a weak phone connection? Get the text-only version of CNN's top stories, also en Españo… https://t.co/LPGkpL3B6Y",2017-09-19 23:29:58+00:00,33,-0.2732,0.079,0.793,0.128
233,@CNN,"RT @OutFrontCNN: ""You have to be over 89 years old...to have seen anything like this...hit Puerto Rico"" @npwcnn, as #Maria approaches https…",2017-09-19 23:27:28+00:00,34,0.3612,0.106,0.894,0.0
234,@CNN,Israeli PM Benjamin Netanyahu took aim at Iran in a #UNGA speech with a message tailored for 1 man: President Trump… https://t.co/QNWzCRIH3n,2017-09-19 23:24:31+00:00,35,0.0,0.0,1.0,0.0
235,@CNN,Several jurors appeared to be snoozing as prosecutors introduced evidence of Bob Menendez's travels during trial… https://t.co/sqkSkZOxNP,2017-09-19 23:18:57+00:00,36,0.0,0.0,1.0,0.0
236,@CNN,Gun maker shares spike on news that President Trump may make it easier to sell overseas https://t.co/bVJv1B0K35 https://t.co/AmcU7o2Ix9,2017-09-19 23:13:16+00:00,37,0.3818,0.223,0.67,0.107
237,@CNN,"Bannon ordered Breitbart to step up negative coverage of a Trump-backed Alabama Senate candidate, a source says… https://t.co/3kBcdGNzNn",2017-09-19 23:07:26+00:00,38,-0.5719,0.0,0.802,0.198
238,@CNN,Georgia Tech students reflect after a night of violent protests over a fatal shooting by police… https://t.co/6Pemxmc9ND,2017-09-19 23:01:37+00:00,39,-0.8519,0.0,0.563,0.437
239,@CNN,"The Republican National Committee spent more than $230,000 in August to cover some of President Trump's legal fees… https://t.co/rs8JjdCEJJ",2017-09-19 22:55:37+00:00,40,0.128,0.077,0.923,0.0
240,@CNN,This was the view from the ground as a violent magnitude-7.1 earthquake rocked Mexico https://t.co/6tx4zk0Vk4 https://t.co/fAGiy7PuJA,2017-09-19 22:45:16+00:00,41,-0.5994,0.0,0.782,0.218
241,@CNN,Climate remains a rift in the Trump-Macron friendship https://t.co/lRgTmsNvSy https://t.co/flAPj7z2Ux,2017-09-19 22:39:03+00:00,42,0.4404,0.266,0.734,0.0
242,@CNN,Sen. Cardin on North Korea: We need to find a diplomatic solution; a military solution would be catastrophic https://t.co/yNJdogMWzR,2017-09-19 22:34:13+00:00,43,0.1027,0.211,0.642,0.147
243,@CNN,"Trump's ""Rocket Man"" nickname for Kim Jong Un doesn't make any sense, Michael D'Antonio writes for @CNNOpinion https://t.co/LhnB0o4IfB",2017-09-19 22:33:26+00:00,44,0.0,0.0,1.0,0.0
244,@CNN,"Millions of customers had their electricity service interrupted after the quake in central Mexico, the govt. said… https://t.co/Tn6mnqZfyk",2017-09-19 22:24:44+00:00,45,-0.296,0.0,0.885,0.115
245,@CNN,The list of global companies being drawn into a vast graft scandal in South Africa is growing https://t.co/LXa39vNwiN,2017-09-19 22:21:46+00:00,46,-0.296,0.087,0.765,0.148
246,@CNN,Dozens were killed in a powerful earthquake that rocked Mexico City and surrounding states https://t.co/AQVcd8X81b https://t.co/cDyBSpEoTZ,2017-09-19 22:14:09+00:00,47,-0.4019,0.138,0.64,0.222
247,@CNN,"UN wonders if US President Trump's threat to ""totally destroy"" North Korea is just bluster https://t.co/5y9xkZIfq9 https://t.co/oj8TNWxYaQ",2017-09-19 22:10:29+00:00,48,-0.8016,0.0,0.676,0.324
248,@CNN,How world leaders reacted to US President Trump's UN speech https://t.co/sQCTEzJZ90 #UNGA https://t.co/ybz1VWFk2j,2017-09-19 22:04:47+00:00,49,0.0,0.0,1.0,0.0
249,@CNN,RT @TheLeadCNN: Gov. Brown: The argument that America got a bad deal in Paris agreement is “more fake than any fake news assertion by Presi…,2017-09-19 22:02:59+00:00,50,-0.8402,0.093,0.552,0.355
250,@CNN,There's a thriving ecosystem for buying and selling human identities. Here's what cybercriminals do with stolen inf… https://t.co/DooPYzOpN5,2017-09-19 21:53:29+00:00,51,-0.4939,0.0,0.833,0.167
251,@CNN,"RT @CNNweather: A typical year would only see around 2 storms rapidly intensify, but it's happened 4 times in the last month https://t.co/u…",2017-09-19 21:43:34+00:00,52,0.0,0.0,1.0,0.0
252,@CNN,A coalition of 41 states' AGs have served five major opioid manufacturers and three drug distributors with subpoena… https://t.co/FyKYghd5Oc,2017-09-19 21:42:30+00:00,53,0.0,0.0,1.0,0.0
253,@CNN,"Melinda Gates says the VC industry ""needs to clean up its act"" https://t.co/cSJ9uUkhcO https://t.co/SZt2bx1AvX",2017-09-19 21:26:02+00:00,54,0.4019,0.172,0.828,0.0
254,@CNN,"BREAKING: At least 44 people are dead after a magnitude-7.1 earthquake that struck in Mexico, an official says… https://t.co/i6VhGImma7",2017-09-19 21:06:30+00:00,55,-0.743,0.0,0.717,0.283
255,@CNN,"It's easy to see the physical damage from a major storm, but there can be a psychological toll to look out for, too… https://t.co/hyIF9zCeIB",2017-09-19 20:53:08+00:00,56,-0.0387,0.081,0.832,0.087
256,@CNN,"How the iconic ""Whose streets? Our streets!"" chant has been co-opted https://t.co/FlIi7Jfunt https://t.co/4TEu1Kj7a9",2017-09-19 20:42:24+00:00,57,0.0,0.0,1.0,0.0
257,@CNN,Four Rutgers students created a rickshaw transportation network that works like a ride-sharing shuttle service… https://t.co/A41CCByUjh,2017-09-19 20:37:13+00:00,58,0.5423,0.273,0.727,0.0
258,@CNN,Rep. Ed Royce says he doesn’t think the US should withdraw from Iran deal -- we should “enforce the hell” out of it https://t.co/6UqYCMNpav,2017-09-19 20:33:21+00:00,59,0.0,0.0,1.0,0.0
259,@CNN,"A normal year would only see around 2 storms rapidly intensify, but it's happened 4 times in the last month https://t.co/fTjfscWxwY",2017-09-19 20:31:57+00:00,60,0.0,0.0,1.0,0.0
260,@CNN,Three US congressmen were among a group of protesters arrested at an immigration demonstration outside Trump Tower… https://t.co/lSjVCriAPT,2017-09-19 20:26:34+00:00,61,-0.5574,0.069,0.686,0.245
261,@CNN,"""SNL"" is staying live coast-to-coast this season https://t.co/EWIN3lmWH1 https://t.co/jsUYjHvCGb",2017-09-19 20:20:53+00:00,62,0.0,0.0,1.0,0.0
262,@CNN,"The NFL is finally back in Los Angeles. But so far, Los Angeles isn't showing up. https://t.co/A1af2XxtSI https://t.co/YUnFFUteXI",2017-09-19 19:58:55+00:00,63,0.0,0.0,1.0,0.0
263,@CNN,"Photos show the scene after a magnitude-7.1 earthquake struck the central Mexican state of Puebla, according to USG… https://t.co/uDe4U1JfzA",2017-09-19 19:53:10+00:00,64,-0.25,0.0,0.895,0.105
264,@CNN,Maria could be the first Category 4 or 5 hurricane to make landfall in Puerto Rico in 85 years https://t.co/UG2jg2qZvI,2017-09-19 19:46:24+00:00,65,0.0,0.0,1.0,0.0
265,@CNN,RT @CNNweather: How bad was the Mexican earthquake? Adrian Wilson was having lunch when the whole room started shaking. https://t.co/3KdTmY…,2017-09-19 19:38:17+00:00,66,-0.6369,0.0,0.776,0.224
266,@CNN,"Four South Carolina students have been punished for sharing a picture in which ""rape"" is spelled on their chests… https://t.co/KRJqWxGZCa",2017-09-19 19:34:36+00:00,67,-0.0516,0.123,0.746,0.132
267,@CNN,"Fiat Chrysler is recalling nearly 500,000 pickup trucks over a possible fire risk https://t.co/jYbPdzEJMj https://t.co/gTmEkajYbz",2017-09-19 19:28:18+00:00,68,-0.5423,0.0,0.727,0.273
268,@CNN,Twitter says it has shut down nearly 1 million terrorist accounts in two years https://t.co/5qhn7ptnK5 https://t.co/ePRH1tDvJR,2017-09-19 19:21:15+00:00,69,-0.6908,0.0,0.749,0.251
269,@CNN,"A magnitude-7.1 earthquake struck the central Mexican state of Puebla, the US Geological Survey said https://t.co/SxOMwNNSBu",2017-09-19 19:12:55+00:00,70,-0.25,0.0,0.875,0.125
270,@CNN,"The US is considering shooting down North Korean missiles even when they are not a direct threat, an official says… https://t.co/pmPtRJDv07",2017-09-19 19:00:14+00:00,71,0.4168,0.127,0.873,0.0
271,@CNN,"RT @CNNPolitics: Schumer on Graham-Cassidy:  ""It's a bill to end Medicaid as we know it and let the governors do the dirty work"" https://t.…",2017-09-19 18:57:16+00:00,72,-0.4404,0.0,0.884,0.116
272,@CNN,Exclusive: US investigators wiretapped Paul Manafort under secret court orders before and after the election… https://t.co/0sHuA98EKe,2017-09-19 18:50:09+00:00,73,0.128,0.091,0.909,0.0
273,@CNN,"Toys 'R' Us files for bankruptcy protection in the US but says its 1,600 stores worldwide will continue to operate… https://t.co/KjhyWQLjJj",2017-09-19 18:40:13+00:00,74,0.0,0.0,1.0,0.0
274,@CNN,This charity rented out President Trump's childhood home and invited over refugees https://t.co/McHocJjeto https://t.co/WKovdGH6BT,2017-09-19 18:30:14+00:00,75,0.4215,0.177,0.823,0.0
275,@CNN,"Watch #Maria grow from a Cat. 1 to Cat. 5 hurricane, still packing 160 mph winds as it barrels toward Puerto Rico… https://t.co/mxqXOSBTd8",2017-09-19 18:20:45+00:00,76,0.0,0.0,1.0,0.0
276,@CNN,"Ala. Senate candidate stands behind use of terms widely seen as racially insensitive toward Native Americans, Asian… https://t.co/A7ao7CqPpU",2017-09-19 18:10:06+00:00,77,-0.2263,0.0,0.899,0.101
277,@CNN,Apple's latest mobile operating system iOS 11 is now available as a free download on iPhones and iPads… https://t.co/n7MZpGrKwQ,2017-09-19 18:00:32+00:00,78,0.5106,0.163,0.837,0.0
278,@CNN,"President Trump says the United States would ""totally destroy"" North Korea if forced to defend itself or allies… https://t.co/a3W9JYK3zH",2017-09-19 17:50:10+00:00,79,-0.6115,0.109,0.625,0.265
279,@CNN,President Trump offers a toast at a UN luncheon. Follow live updates: https://t.co/6w0P1i8eVz https://t.co/tI3qUL1AGT,2017-09-19 17:41:18+00:00,80,0.0,0.0,1.0,0.0
280,@CNN,Read President Trump's speech to the UN General Assembly https://t.co/dZBfU6RoBn https://t.co/TvhRV7T23y,2017-09-19 17:40:10+00:00,81,0.0,0.0,1.0,0.0
281,@CNN,"People are lined up to get ice in preparation for Hurricane Maria. @leylasantiago reports from San Juan, Puerto Ric… https://t.co/30KfyogrYp",2017-09-19 17:31:02+00:00,82,0.0,0.0,1.0,0.0
282,@CNN,“Catastrophic” Hurricane Maria continues to move toward areas hit by Irma. CNN’s @AllisonChinchar with the latest:… https://t.co/brGDdPGXcG,2017-09-19 17:21:07+00:00,83,0.0,0.0,1.0,0.0
283,@CNN,Germany convicts three people for not helping an 83-year-old man who collapsed in the entryway of a bank… https://t.co/8mwTncSJIa,2017-09-19 17:10:09+00:00,84,-0.4567,0.0,0.8,0.2
284,@CNN,"Late-night host Jimmy Kimmel tweeted an article suggesting the Senate's new health care bill fails the ""Kimmel Test… https://t.co/lwzKeCsqiW",2017-09-19 17:00:19+00:00,85,0.1027,0.139,0.739,0.122
285,@CNN,"Airstrikes hit several hospitals in Syria's rebel-held Idlib province, local activist media and monitoring group sa… https://t.co/dLpJcbs0Az",2017-09-19 16:50:09+00:00,86,0.0,0.0,1.0,0.0
286,@CNN,President Trump still has no evidence that his wiretapping claim was right | Analysis by @CillizzaCNN… https://t.co/ADbAnewMyU,2017-09-19 16:40:14+00:00,87,-0.296,0.0,0.872,0.128
287,@CNN,Hurricane Maria pounds Dominica as it barrels toward St. Croix and threatens catastrophic damage to Puerto Rico… https://t.co/jGrfl3xOEK,2017-09-19 16:32:36+00:00,88,-0.8402,0.0,0.625,0.375
288,@CNN,"There is ""no question Russia interfered in the US election,"" President Trump's pick for US ambassador to Russia say… https://t.co/nGiI36MGpL",2017-09-19 16:20:03+00:00,89,-0.296,0.0,0.896,0.104
289,@CNN,23-year-old Louisiana man charged with murder in Baton Rouge shootings police say may have been racially motivated https://t.co/ncvWlEjvSy,2017-09-19 16:11:30+00:00,90,-0.5423,0.122,0.612,0.265
290,@CNN,"President Trump: ""Rocket Man is on a suicide mission"" https://t.co/Zsc6MrazGs https://t.co/u3BuhTofbK",2017-09-19 16:00:21+00:00,91,-0.6705,0.0,0.667,0.333
291,@CNN,"Alabama Senate candidate Roy Moore says ""we've asked for"" shootings and killings by turning away from God… https://t.co/Ev1ibaDECJ",2017-09-19 15:55:08+00:00,92,-0.6705,0.0,0.791,0.209
292,@CNN,Why Rand Paul opposes the GOP Obamacare repeal bill https://t.co/YMAtbwuGgy https://t.co/91ZpOPIyAu,2017-09-19 15:46:33+00:00,93,0.0,0.0,1.0,0.0
293,@CNN,"Hurricane Maria remains a Cat. 5 storm with 160 mph sustained winds, moving toward Virgin Islands and Puerto Rico… https://t.co/T8xW6wQT9K",2017-09-19 15:34:52+00:00,94,0.0,0.0,1.0,0.0
294,@CNN,The Republican Party’s last-ditch effort to repeal Obamacare is coming down to this one GOP Senator -- again… https://t.co/M2V9EzFP2D,2017-09-19 15:22:19+00:00,95,0.0,0.0,1.0,0.0
295,@CNN,"RT @CNNnewsroom: President Trump at UN: “We will fight together, sacrifice together, and stand together, for peace, for freedom...” https:/…",2017-09-19 15:19:02+00:00,96,0.2263,0.145,0.747,0.108
296,@CNN,This charity rented out President Trump's childhood home and invited over refugees https://t.co/XMQclQPj2N https://t.co/urSNegfsVu,2017-09-19 15:07:47+00:00,97,0.4215,0.177,0.823,0.0
297,@CNN,"“I think the United Nations has great, great potential,” President Trump says following his first address before th… https://t.co/eqxd2TlK3G",2017-09-19 14:53:49+00:00,98,0.9001,0.407,0.593,0.0
298,@CNN,"Pres. Trump: ""The socialist dictatorship of Nicolás Maduro has inflicted terrible pain and suffering"" on Venezuela… https://t.co/wE1B5KPoXN",2017-09-19 14:48:34+00:00,99,-0.8591,0.0,0.596,0.404
299,@CNN,"President Trump in UN address: ""Major portions of the world are in conflict, and some, in fact, are going to hell.""… https://t.co/mNn4N3pI0T",2017-09-19 14:46:10+00:00,100,-0.3182,0.0,0.901,0.099
300,@CBS,RT @startrekcbs: Snap to transport yourself to another world. Unlock the exclusive #StarTrekDiscovery @Snapchat lens now: https://t.co/BNGl…,2017-09-19 22:08:16+00:00,1,0.128,0.086,0.914,0.0
301,@CBS,RT @MeMyselfAndICBS: Any advice for your younger self? @bibbymoynihan asks @wbtourhollywood visitors this question! Share yours with #Advic…,2017-09-19 17:35:40+00:00,2,0.3595,0.128,0.872,0.0
302,@CBS,Screenwriter and actress @LenaWaithe made history at this year's #Emmys. Watch her powerful acceptance speech:… https://t.co/ZeHM4gKQ5G,2017-09-18 22:54:18+00:00,3,0.7003,0.293,0.707,0.0
303,@CBS,Check out the photos of some behind-the-scenes moments you may have missed from TV's biggest night:… https://t.co/IyMJEOUZfQ,2017-09-18 19:38:01+00:00,4,-0.296,0.0,0.879,0.121
304,@CBS,RT @9JKLCBS: #9JKL is based on some of @markfeuerstein's most awkward family moments. What are yours? Share your stories with #MyAwkwardFam…,2017-09-18 18:40:39+00:00,5,0.079,0.095,0.823,0.082
305,@CBS,Relive all the excitement and find out who won big at the 69th Emmy® Awards. See the full list of winners:… https://t.co/lGBOjealgU,2017-09-18 18:00:05+00:00,6,0.872,0.343,0.657,0.0
306,@CBS,See the biggest names in television light up the #Emmys red carpet: https://t.co/5yaM4UF4KX #ICYMI https://t.co/4qh6onq8OF,2017-09-18 16:00:03+00:00,7,0.0,0.0,1.0,0.0
307,@CBS,Host Stephen Colbert blew the audience away with his opening number at the #Emmys. Watch the full clip:… https://t.co/Rv3NwjJuKZ,2017-09-18 14:00:05+00:00,8,0.0772,0.067,0.933,0.0
308,@CBS,Did you miss television's biggest night? Catch up on the #Emmys now: https://t.co/EMxWKauzMb https://t.co/2Y71gw7Jr7,2017-09-18 12:30:01+00:00,9,-0.1531,0.0,0.89,0.11
309,@CBS,Catch up on all the entertaining speeches and big wins from the most glamorous night on TV. Watch the #Emmys now:… https://t.co/FRoKq9OFTs,2017-09-18 05:36:48+00:00,10,0.8805,0.349,0.651,0.0
310,@CBS,Who took home a golden statuette? See the complete list of winners from the #Emmys: https://t.co/W9VduVc9lp https://t.co/d5FqBXDhtn,2017-09-18 05:22:46+00:00,11,0.4767,0.171,0.829,0.0
311,@CBS,A complete showcase of Stephen Colbert's funniest moments from the #Emmys: https://t.co/L1vnRQw4Ri https://t.co/f9RHVgC2Kc,2017-09-18 05:10:34+00:00,12,0.5574,0.247,0.753,0.0
312,@CBS,RT @colbertlateshow: Stephen starts to glitch while hosting the #Emmys &amp; needs to be evaluated... in the nude. Watch the full diagnosis: ht…,2017-09-18 03:44:56+00:00,13,0.0,0.0,1.0,0.0
313,@CBS,That’s a wrap! Congratulations to all #Emmy winners! https://t.co/Pi8ASpHYK5,2017-09-18 03:04:27+00:00,14,0.8217,0.558,0.442,0.0
314,@CBS,RT @TheEmmys: Congrats #ElizabethMoss on your Primetime #Emmy  Award for #TheHandmaidsTale https://t.co/T13uVadatj,2017-09-18 03:02:42+00:00,15,0.7845,0.408,0.592,0.0
315,@CBS,RT @TheEmmys: Congrats @SterlingKBrown on your Primetime #Emmy Award for #ThisIsUs https://t.co/wv5Y3rBOkG,2017-09-18 02:57:23+00:00,16,0.7845,0.408,0.592,0.0
316,@CBS,RT @TheEmmys: Congrats #BiglittleLies on your Primetime #Emmy  Award for Best Limited Series #womenasheroes https://t.co/198e4IJYnt,2017-09-18 02:51:13+00:00,17,0.8807,0.463,0.458,0.079
317,@CBS,RT @TheEmmys: Congrats @blackmirror on your Primetime #Emmy  Award for Best Television Movie #LoveWillWin https://t.co/Hyxtws5v8O,2017-09-18 02:46:01+00:00,18,0.9022,0.481,0.519,0.0
318,@CBS,RT @TheEmmys: Congrats #nicolekidman on your Primetime #Emmy  Award for #BigLittleLies https://t.co/VTfs8OSoC8,2017-09-18 02:40:11+00:00,19,0.7845,0.408,0.592,0.0
319,@CBS,S.W.A.T. star @ShemarMoore lights up the red carpet with a smile. See all the glamorous #Emmys looks:… https://t.co/MPPQk2QVOn,2017-09-18 02:38:53+00:00,20,0.7003,0.279,0.721,0.0
320,@CBS,RT @TheEmmys: Congrats @rizmc on your Primetime #Emmy  Award for #TheNightof https://t.co/OUYAASicfe,2017-09-18 02:38:12+00:00,21,0.7845,0.408,0.592,0.0
321,@CBS,RT @TheEmmys: Congrats @VeepHBO on your Primetime #Emmy  Award https://t.co/XL6IuF8HlF,2017-09-18 02:28:43+00:00,22,0.7845,0.463,0.537,0.0
322,@CBS,RT @TheEmmys: Congrats @OfficialJLD on your Primetime #Emmy  Award for #Veep @VeepHBO https://t.co/HigOeXXyzz,2017-09-18 02:28:40+00:00,23,0.7845,0.385,0.615,0.0
323,@CBS,"Classic CBS stars, Norman Lear and Carol Burnett made an appearance tonight at the #Emmys! https://t.co/lkQp6uKMyg",2017-09-18 02:27:24+00:00,24,0.0,0.0,1.0,0.0
324,@CBS,CBS star @AllisonBJanney looks ravishing in white at the #Emmys. See all the best-dressed stars on the red carpet:… https://t.co/BFzxtrrjhx,2017-09-18 02:23:08+00:00,25,0.0,0.0,1.0,0.0
325,@CBS,RT @TheEmmys: Congrats @donaldglover on your Primetime #Emmy  Award for @AtlantaFX #Atlanta https://t.co/LAYFF77Rvb,2017-09-18 02:22:55+00:00,26,0.7845,0.385,0.615,0.0
326,@CBS,RT @TheEmmys: Congrats @iamjohnoliver on your Primetime #Emmy  Award for #LastWeekTonight https://t.co/HeusvOdGHW,2017-09-18 02:11:57+00:00,27,0.7845,0.408,0.592,0.0
327,@CBS,RT @TheEmmys: Congrats #DonRoyKing on your Primetime #Emmy  Award for #Saturdaynightlive https://t.co/O73irJuSq3,2017-09-18 02:08:34+00:00,28,0.7845,0.408,0.592,0.0
328,@CBS,RT @TheEmmys: Congrats @CharlieBrooker on your Primetime #Emmy Award for #BlackMirror https://t.co/iViGEfr0ya,2017-09-18 02:02:23+00:00,29,0.7845,0.408,0.592,0.0
329,@CBS,RT @TheEmmys: Congrats @reedmorano on your Primetime #Emmy  Award for #TheHandmaidsTale #FemaleDirectors https://t.co/yvacXuYnA3,2017-09-18 02:02:02+00:00,30,0.7845,0.385,0.615,0.0
330,@CBS,From dreams to reality. Congratulations @LenaWaithe and @azizansari on your Primetime #Emmy Award! https://t.co/TaSQsiIhRs,2017-09-18 02:00:25+00:00,31,0.8858,0.486,0.514,0.0
331,@CBS,"If you liked @markfeuerstein at the #Emmys, you'll love him in the new comedy coming this fall, @9JKLCBS! https://t.co/7Kt9tE57DJ",2017-09-18 01:51:53+00:00,32,0.8687,0.38,0.62,0.0
332,@CBS,Sheldon x 2 = Adorable! #Emmys @IainLoveTheatre https://t.co/loABr28IgD,2017-09-18 01:45:08+00:00,33,0.5411,0.466,0.534,0.0
333,@CBS,"Sean Spicer appears to confirm largest #Emmys audience ever, period. Watch the star's reactions:… https://t.co/l0x4NiCJsO",2017-09-18 01:41:08+00:00,34,0.0,0.0,1.0,0.0
334,@CBS,"Come on, it's @Oprah! https://t.co/vgTlY6qzGE",2017-09-18 01:38:30+00:00,35,0.0,0.0,1.0,0.0
335,@CBS,CBS' own @SonequaMG and @jeremypiven are quite a duo as presenters at the #Emmys! https://t.co/ufxH7380cS,2017-09-18 01:28:43+00:00,36,0.0,0.0,1.0,0.0
336,@CBS,"RT @TheEmmys: Congrats #AlexanderSkarsgard on your Primetime #Emmy Award for #BigLittleLies ""thank u for making me feel like one of the gir…",2017-09-18 01:26:17+00:00,37,0.8979,0.412,0.588,0.0
337,@CBS,RT @SuperiorDonuts: Does the voice of the #Emmys sound familiar? Watch them live now on @CBS &amp; CBS All Access: https://t.co/4LDe6vCybL #Sup…,2017-09-18 01:12:14+00:00,38,0.0,0.0,1.0,0.0
338,@CBS,Don't miss all of the sketches and dresses and speeches and more! Watch the #Emmys LIVE on CBS and CBS All Access!… https://t.co/0RgtVcsoIT,2017-09-18 01:11:42+00:00,39,0.2565,0.084,0.916,0.0
339,@CBS,RT @TheEmmys: Congrats #jeanmarcvallee on your Primetime #Emmy  Award for #BigLittleLies https://t.co/O9b32ehkal,2017-09-18 01:10:15+00:00,40,0.7845,0.408,0.592,0.0
340,@CBS,"RT @colbertlateshow: Are you watching what @SeanSpicer confirmed is the largest #Emmys ever, period? What are you waiting for? https://t.co…",2017-09-18 01:06:50+00:00,41,0.0,0.0,1.0,0.0
341,@CBS,RT @TheEmmys: Congrats @AlecBaldwin on your Primetime #Emmy  Award for #Saturdaynightlive https://t.co/VurSzGMjA5,2017-09-18 01:04:29+00:00,42,0.7845,0.408,0.592,0.0
342,@CBS,RT @TheEmmys: Congrats #brucemiller on your Primetime #Emmy Award for #HandmaidsTale https://t.co/xmosDAyQ2V,2017-09-18 01:04:26+00:00,43,0.7845,0.408,0.592,0.0
343,@CBS,RT @TheEmmys: Congrats @nbcsnl on your Primetime #Emmy Award for Best #VarietySketch Series https://t.co/DYhkh2NxNN,2017-09-18 01:03:58+00:00,44,0.9022,0.502,0.498,0.0
344,@CBS,When the #Emmys asks you to take your clothes off on TV. https://t.co/O26aHapn1d,2017-09-18 01:00:38+00:00,45,0.0,0.0,1.0,0.0
345,@CBS,"Congratulations, Donald Glover! #Emmys https://t.co/uFV9A9xo6g",2017-09-18 00:48:32+00:00,46,0.636,0.512,0.488,0.0
346,@CBS,The #Emmys where we finish each other's....sentences! https://t.co/sOAlMCu3A9,2017-09-18 00:45:40+00:00,47,0.0,0.0,1.0,0.0
347,@CBS,"RT @TheEmmys: Congrats #Lauradern 4 Primetime #Emmy #BigLittleLies ""I've been acting since I was 11 yrs old and I've worked with, like 12 w…",2017-09-18 00:39:13+00:00,48,0.7096,0.228,0.772,0.0
348,@CBS,RT @TheEmmys: Congrats #katemckinnon on your Primetime #Emmy  Award for #snl https://t.co/kXXQvODuRl,2017-09-18 00:38:44+00:00,49,0.7845,0.408,0.592,0.0
349,@CBS,RT @TheEmmys: Congrats @JohnLithgow on your Primetime #Emmy Award for #TheCrown https://t.co/CZoAEz8aBg,2017-09-18 00:38:10+00:00,50,0.7845,0.408,0.592,0.0
350,@CBS,RT @colbertlateshow: Here's the moment @StephenAtHome walked offstage after that epic opening number and monologue at the #Emmys. https://t…,2017-09-18 00:34:08+00:00,51,0.0772,0.067,0.933,0.0
351,@CBS,Spotted: @shemarmoore from @swatcbs looking sharp! #Emmys https://t.co/vIOp7IAswH,2017-09-18 00:33:43+00:00,52,0.0,0.0,1.0,0.0
352,@CBS,This is how you do a happy dance #Emmys! Who are you excited to see tonight? https://t.co/T1P2OmBY9e,2017-09-18 00:26:30+00:00,53,0.75,0.313,0.687,0.0
353,@CBS,Everyone's losing their marbles at the #Emmys ! https://t.co/v6zMytSfAV,2017-09-18 00:19:44+00:00,54,-0.4389,0.0,0.708,0.292
354,@CBS,Everything is better on TV! #Emmys,2017-09-18 00:09:09+00:00,55,0.4926,0.39,0.61,0.0
355,@CBS,Don’t miss the 69th Emmy® Awards – streaming LIVE now on CBS &amp; CBS All Access: https://t.co/whuCPMC3Er #Emmys https://t.co/o2cy3lFA84,2017-09-18 00:00:06+00:00,56,0.34,0.146,0.777,0.078
356,@CBS,"Thank you cam, hosted interviews, photo lounge &amp; more! See the #Emmys action behind-the-scenes with Backstage Live:… https://t.co/mzxgPGcwh4",2017-09-17 23:34:15+00:00,57,0.4199,0.141,0.859,0.0
357,@CBS,RT @colbertlateshow: Sneak peek at where @StephenAtHome will spend much of his time hosting tonight's #Emmys. What do you think of this inc…,2017-09-17 22:26:31+00:00,58,0.0,0.0,1.0,0.0
358,@CBS,The stars have arrived! ?? Watch the #Emmys red carpet LIVE on Facebook with @etnow's @leanneaguilera here:… https://t.co/3JGXokwGik,2017-09-17 21:22:14+00:00,59,0.0,0.0,1.0,0.0
359,@CBS,Television’s greatest night has arrived! Watch the #Emmys tonight at 8 PM ET / 5 PM PT on CBS and CBS All Access:… https://t.co/0fKy11rhoF,2017-09-17 20:30:06+00:00,60,0.6696,0.183,0.817,0.0
360,@CBS,Stream the #Emmys red carpet LIVE today with @etnow's @leanneaguilera on the CBS Facebook page. Details:… https://t.co/DmBLxofpIE,2017-09-17 20:24:04+00:00,61,0.0,0.0,1.0,0.0
361,@CBS,Get ready for football! Stream NFL on CBS today w/ #CBSAllAccess. Try 1 week FREE! (Not available on mobile phones)… https://t.co/vag5N9BfvH,2017-09-17 13:38:18+00:00,62,0.7974,0.283,0.717,0.0
362,@CBS,Tonight's the night! Here's everything you need to know about the #Emmys: https://t.co/LYH1GYoK1i https://t.co/XMrAXwkZ10,2017-09-17 12:00:05+00:00,63,0.0,0.0,1.0,0.0
363,@CBS,RT @colbertlateshow: The most important part of any #Emmys rehearsal... practicing how to make @Oprah your best friend. (Yep. I'm coming fo…,2017-09-17 04:36:22+00:00,64,0.8588,0.333,0.667,0.0
364,@CBS,The stars come out tomorrow! ? Stream the Emmy® Awards LIVE on CBS All Access. Start your FREE trial now:… https://t.co/NfmUwcs3gV,2017-09-16 22:00:05+00:00,65,0.8087,0.289,0.711,0.0
365,@CBS,Relive all the spectacular performances in honor of country’s icons. All the greatest moments from the #ACMHonors:… https://t.co/tvmtXaksE0,2017-09-16 21:22:52+00:00,66,0.8126,0.316,0.684,0.0
366,@CBS,Find out how the 69th Emmy® Awards' hopefuls go from nominees to winners: https://t.co/bSm06K2EkQ #Emmys https://t.co/5UdTJWXbs3,2017-09-16 19:30:06+00:00,67,0.7269,0.303,0.697,0.0
367,@CBS,Stream the #Emmys red carpet tomorrow LIVE with @etnow's @leanneaguilera on the CBS Facebook page. Details:… https://t.co/tghgzhFVVB,2017-09-16 17:00:08+00:00,68,0.0,0.0,1.0,0.0
368,@CBS,Stream #23 Tennessee @ #24 Florida LIVE today at 3:30PM ET with a FREE trial of #CBSAllAccess:… https://t.co/PQfcWMC2bo,2017-09-16 14:30:01+00:00,69,0.6166,0.212,0.788,0.0
369,@CBS,"And the winner is... Don't miss the #Emmys, hosted by Stephen Colbert, live tomorrow on CBS and CBS All Access:… https://t.co/p2mvqn0Zdh",2017-09-16 12:30:03+00:00,70,0.6421,0.216,0.784,0.0
370,@CBS,Catch up on all the stunning performances and memorable speeches at the #ACMHonors! Watch the full special:… https://t.co/CBaNmI5VL6,2017-09-16 11:21:06+00:00,71,0.4389,0.145,0.855,0.0
371,@CBS,Find out who performed special tributes to country's biggest stars. All the greatest moments from the #ACMHonors:… https://t.co/jjmYOQGZF0,2017-09-16 06:46:54+00:00,72,0.7845,0.301,0.699,0.0
372,@CBS,RT @avacbell: WOW! @GeorgeStrait still sounds so amazing live!! A true American country legend! #ACMHonors #countrymusic #Nashville,2017-09-16 03:00:28+00:00,73,0.9396,0.512,0.488,0.0
373,@CBS,What a night! Congratulations to all of the #ACMHonors recipients! https://t.co/f6cucRx4DD,2017-09-16 02:53:52+00:00,74,0.6688,0.333,0.667,0.0
374,@CBS,RT @danaraenc: Chris Stapleton singing a George Strait song… Yes please! #ACMHonors ????,2017-09-16 02:49:55+00:00,75,0.6476,0.346,0.654,0.0
375,@CBS,"Here comes the ACM Vocal Group of the Year, @LittleBigTown! #ACMHonors https://t.co/BxZFi8svMA",2017-09-16 02:36:19+00:00,76,0.0,0.0,1.0,0.0
376,@CBS,RT @GingerSnaps: This Glen Campbell tribute on the #ACMHonors is perfection. #chills,2017-09-16 02:31:59+00:00,77,0.5719,0.252,0.748,0.0
377,@CBS,"RT @Purpletenn: Love seeing the artists in the audience, singing along to the artists on stage! ?? #ACMHonors",2017-09-16 02:13:00+00:00,78,0.6696,0.209,0.791,0.0
378,@CBS,"ACM Male Vocalist of the Year, @ThomasRhett sure knows how to captivate a crowd. #ACMHonors https://t.co/PNvSEe39Vz",2017-09-16 02:09:35+00:00,79,0.3182,0.141,0.859,0.0
379,@CBS,"RT @DollyParton: It's all true ?

#ACMHonors https://t.co/4IPN93ldDl",2017-09-16 02:00:47+00:00,80,0.4215,0.318,0.682,0.0
380,@CBS,"The Queen of Nashville, @dollyparton, has given the world so much more than music. Thank you for your generosity, D… https://t.co/FRuxzPVwC0",2017-09-16 02:00:17+00:00,81,0.7239,0.242,0.758,0.0
381,@CBS,"The legend, @BradPaisley honoring @dollyparton! So much talent packed onto the stage tonight! #ACMHonors https://t.co/mF7LQZu2FU",2017-09-16 01:58:04+00:00,82,0.7883,0.349,0.651,0.0
382,@CBS,Congratulations @KelseaBallerini for receiving the Gene Weed Milestone Award! #ACMHonors https://t.co/D3rBxteQFa,2017-09-16 01:36:32+00:00,83,0.8268,0.461,0.539,0.0
383,@CBS,RT @Momof3princess: My kids are laughing at me but I am singing right along #ACMHonors https://t.co/kSAoPXEqZQ,2017-09-16 01:28:10+00:00,84,0.2732,0.13,0.87,0.0
384,@CBS,"Toby Keith is bringing us back to 1993 with his debut single, “Should’ve Been a Cowboy!” #ACMHonors https://t.co/64kLnJQZoq",2017-09-16 01:19:40+00:00,85,0.0,0.0,1.0,0.0
385,@CBS,"Congratulations, @Reba for receiving the Mae Boren Axton Service Award! #ACMHonors https://t.co/sI6bGXziAb",2017-09-16 01:13:05+00:00,86,0.8268,0.435,0.565,0.0
386,@CBS,RT @GOPatterson: YES @HillaryScottLA AND @KarenFairchild HONORING @reba ?????? #ACMHonors This is Heaven !!,2017-09-16 01:08:48+00:00,87,0.9072,0.508,0.492,0.0
387,@CBS,".@HillaryScottLA, @KarenFairchild and @ohgussie are serenading @Reba with her own hits! ?
#ACMHonors https://t.co/5OA0lspNn0",2017-09-16 01:05:02+00:00,88,0.0,0.0,1.0,0.0
388,@CBS,RT @RussellMadison_: Time for #ACMHonors !,2017-09-16 01:04:45+00:00,89,0.0,0.0,1.0,0.0
389,@CBS,"Don’t miss out on an evening with country music’s biggest stars, the 11th Annual ACM Honors begins soon! #ACMHonors https://t.co/LECt13Hloa",2017-09-16 00:47:25+00:00,90,0.4574,0.155,0.776,0.069
390,@CBS,"Tonight, get ready for a country celebration! Watch the #ACMHonors @ 9/8c on CBS, or stream it with CBS All Access:… https://t.co/U76gWo1mEG",2017-09-16 00:00:06+00:00,91,0.4199,0.128,0.872,0.0
391,@CBS,"RT @CBSBigBrother: Paul, Christmas, &amp; Josh begin the battle to win the $500,000 grand prize tonight at 8/7c on #BB19: https://t.co/uudtMeMR…",2017-09-15 23:02:13+00:00,92,0.8176,0.34,0.572,0.088
392,@CBS,"RT @TheTalkCBS: Even our ladies know that as hosts, sometimes you have to bare it all - just ask #Emmys host @StephenAtHome https://t.co/3Y…",2017-09-15 21:54:22+00:00,93,0.0,0.0,1.0,0.0
393,@CBS,RT @SEALTeamCBS: See how #SEALTeam's heroic German Shepherd—DITA the Hair Missile—spends her days on set! ??: https://t.co/hoqjTFrtbC https…,2017-09-15 21:33:30+00:00,94,0.5983,0.186,0.814,0.0
394,@CBS,"The #Emmys are streaming LIVE on CBS All Access this Sun, Sept. 17 at 8pm ET/5pm PT! Start your FREE trial now:… https://t.co/Y2mkqLZPkb",2017-09-15 21:08:15+00:00,95,0.6514,0.164,0.836,0.0
395,@CBS,RT @startrekcbs: Welcome aboard the bridge of the U.S.S. Discovery. Stream the #StarTrekDiscovery world premiere Sept 24: https://t.co/acwP…,2017-09-15 20:59:23+00:00,96,0.4767,0.204,0.796,0.0
396,@CBS,"Country star @MarenMorris explains what it means to pay tribute to @GlenCampbell at the #ACMHonors, tonight @ 9/8c… https://t.co/TUqG4KYt9E",2017-09-15 19:14:13+00:00,97,-0.1027,0.0,0.924,0.076
397,@CBS,Who did Stephen Colbert call when he found out @colbertlateshow was nominated? The #Emmys are Sun @ 8pm ET/5pm PT o… https://t.co/abVGKfsAaa,2017-09-15 14:00:07+00:00,98,0.0,0.0,1.0,0.0
398,@CBS,"Tonight, Nashville salutes country icons @GeorgeStrait, @DollyParton, @Reba &amp; more! Watch the #ACMHonors at 9/8c on… https://t.co/5IdeQWOPHB",2017-09-15 11:00:04+00:00,99,0.0,0.0,1.0,0.0
399,@CBS,RT @startrekcbs: We embrace the unknown. Stream the world premiere of #StarTrekDiscovery Sept 24 on CBS All Access: https://t.co/H4LOVFv6DX…,2017-09-15 00:59:27+00:00,100,0.3182,0.113,0.887,0.0
400,@BBC,"America's opioid addiction, as explained by @ChelseaClinton. Via @BBC_Future. https://t.co/p3fxsiSeu0",2017-09-19 18:37:03+00:00,1,0.0,0.0,1.0,0.0
401,@BBC,They're back! French and Saunders will reunite for a Christmas special. ? https://t.co/IkyTI9EFUB https://t.co/vkjFueBzyP,2017-09-19 17:45:04+00:00,2,0.4574,0.214,0.786,0.0
402,@BBC,"Astonishingly, some people still need to be told not to eat raw chicken. ?? https://t.co/nnjrCmsAfH https://t.co/qLQClQRmri",2017-09-19 16:55:05+00:00,3,0.0,0.0,1.0,0.0
403,@BBC,'How are you in my house if you've never seen Lord of the Rings?' ? Via @BBCTheSocial. https://t.co/ApmQ1Q4Hrt,2017-09-19 16:25:06+00:00,4,0.0,0.0,1.0,0.0
404,@BBC,"""I don't sit and knit."" ? ? A woman celebrating her 111th birthday says having fun keeps her feeling young.… https://t.co/s2ZBJcf0UM",2017-09-19 16:02:03+00:00,5,0.8176,0.362,0.638,0.0
405,@BBC,RT @BBCTwo: WARNING: This clip contains graphic scenes of outrageous ankle-kissing... ? #Quacks https://t.co/PLlPgzqMvX,2017-09-19 15:22:52+00:00,6,-0.7297,0.0,0.642,0.358
406,@BBC,"RT @bbc5live: Look at this picture... @HenryFraser0, who is paralysed from the shoulders down, painted it with his mouth.

His story with @…",2017-09-19 15:21:06+00:00,7,0.0,0.0,1.0,0.0
407,@BBC,RT @bbcworldservice: It's time to widen the lens and focus on black women behind the camera according to African American photographer Layl…,2017-09-19 15:15:54+00:00,8,0.0,0.0,1.0,0.0
408,@BBC,RT @BBCTheOneShow: #Birmingham bin workers have been on strike for 10weeks. Are these guys undermining the strike or being helpful? Let us…,2017-09-19 15:01:45+00:00,9,-0.1779,0.106,0.684,0.209
409,@BBC,RT @bbcstories: 'It's OK to make mayonnaise while on your period' - the scoutmaster on a mission to bust menstruation myths in Madagascar h…,2017-09-19 14:21:14+00:00,10,0.4466,0.123,0.877,0.0
410,@BBC,? 'Birds fly to the moon.' Strange &amp; delightful theories of bird migration by academics of the 1680s. ?… https://t.co/VdCCsIRG1E,2017-09-19 13:00:07+00:00,11,0.4588,0.168,0.752,0.08
411,@BBC,RT @BBC_Teach: Is this an archive clip I see before me?! Watch these contrasting treatments of Macbeth from 1958 and 2016??#BBCSchools60 ht…,2017-09-19 12:38:50+00:00,12,0.0,0.0,1.0,0.0
412,@BBC,? New #DoctorWho fan fiction challenge! Write a story where the Doctor gets an unexpected call. ?… https://t.co/oa1CbKRbIq,2017-09-19 12:30:08+00:00,13,0.4389,0.218,0.782,0.0
413,@BBC,"RT @BBCR1: So, this is perfect ?

@WolfAliceMusic cover @GreenDay's Good Riddance for #R1LiveLoungeMonth https://t.co/GQ52fVq4Wn",2017-09-19 12:13:01+00:00,14,0.7823,0.364,0.636,0.0
414,@BBC,"RT @BBCR1: YES @wolfalicemusic ?

Beautifully Unconventional sounds great in the Live Lounge ?

#R1LiveLoungeMonth https://t.co/LgzoPVCWgZ",2017-09-19 12:12:55+00:00,15,0.9049,0.505,0.495,0.0
415,@BBC,RT @bbcthree: Four years since @BBCSimonMcCoy used a pack of A4 paper instead of an iPad. https://t.co/XI0cyuqU1L,2017-09-19 12:07:52+00:00,16,0.0,0.0,1.0,0.0
416,@BBC,RT @BBCTheOneShow: Veteran Stuart on importance of the #invictusgames for recovery from injuries sustained in Afghanistan @weareinvictus #T…,2017-09-19 12:05:48+00:00,17,0.3612,0.128,0.872,0.0
417,@BBC,"RT @BBCNewsEnts: French and Saunders are back!
https://t.co/hyAscMoP9N",2017-09-19 12:05:11+00:00,18,0.0,0.0,1.0,0.0
418,@BBC,"?? Surprising, insightful &amp; entertaining #DesertIslandDiscs admissions from the silver screen’s biggest names. ?… https://t.co/ZiLSPmP6nt",2017-09-19 12:00:06+00:00,19,0.6124,0.278,0.722,0.0
419,@BBC,"RT @bbcworldservice: Electric cars were more popular in the late 1800s than gasoline vehicles, especially with women. ? https://t.co/v3H364…",2017-09-19 11:48:32+00:00,20,0.4754,0.154,0.846,0.0
420,@BBC,"RT @bbcpress: ? #AntiquesRoadshow celebrates its 40th anniversary. Interviews, top finds, fascinating facts and more: https://t.co/EkplgRsx…",2017-09-19 11:47:47+00:00,21,0.8402,0.429,0.571,0.0
421,@BBC,Benedict Cumberbatch has everything going for him. Yet the Sherlock star says he's his own worst critic.… https://t.co/kaVYCKywVU,2017-09-19 11:40:03+00:00,22,-0.6249,0.0,0.806,0.194
422,@BBC,See how @ILMLondon bring an alien to life with new facial &amp; performance capture technology. Via @BBCClick. https://t.co/CHaXkjeVbc,2017-09-19 11:26:01+00:00,23,0.0,0.0,1.0,0.0
423,@BBC,No harm done - but this little koala might stick to the trees from now on after hitching a 16km ride on a car axle.… https://t.co/0mTp0l24Ta,2017-09-19 11:01:05+00:00,24,-0.431,0.0,0.845,0.155
424,@BBC,? @AChrisEvans gave #Morrissey's brand new track #SpentTheDayInBed a spin this morning. Listen here.?… https://t.co/9gEHtfjwor,2017-09-19 09:23:49+00:00,25,0.0,0.0,1.0,0.0
425,@BBC,RT @bbccomedy: Can the awesome cast of #UpstartCrow guess the real Shakespeare from the Fakespeare? @WhelanGemma @spendals @noelfielding11…,2017-09-19 09:12:08+00:00,26,0.6249,0.194,0.806,0.0
426,@BBC,"RT @BBCArchive: Arrrr, me hearties! It's #InternationalTalkLikeAPirateDay so ye better be followin' arr handy guide... #internationalspeakl…",2017-09-19 09:04:03+00:00,27,0.5378,0.188,0.812,0.0
427,@BBC,Schizophrenia does not mean you have a split personality. Have we all been getting the wrong impression?… https://t.co/j558qdERyY,2017-09-19 07:57:03+00:00,28,-0.4767,0.0,0.838,0.162
428,@BBC,"RT @BBCRadio3: Did you know Magnolia trees evolved before bees or butterflies? 
https://t.co/qtZA77pzTD https://t.co/XDLhRMPr9J",2017-09-19 07:56:09+00:00,29,0.0,0.0,1.0,0.0
429,@BBC,"RT @bbcasiannetwork: Here's the moment @CraigDavid filled @HarpreetUK in on his love of Bhangra!
? to the full interview: https://t.co/4BEw…",2017-09-19 07:55:50+00:00,30,0.6696,0.2,0.8,0.0
430,@BBC,RT @bbcworldservice: One of nature's greatest art works has been given a make-over. https://t.co/0AUuPGgMSz ? https://t.co/AwgcPD6MsU,2017-09-19 07:55:35+00:00,31,0.6369,0.244,0.756,0.0
431,@BBC,"RT @BBCScotland: ""there's absolutely no road here, nothing..."" The walk to Strathchailleach bothy #BothyLife on @BBCiPlayer - https://t.co/…",2017-09-19 07:53:01+00:00,32,-0.3597,0.0,0.865,0.135
432,@BBC,'So fit &amp; so good! See their hands?' The reactions from these tribespeople seeing Morris dancing for the first time… https://t.co/c3RwitYnVG,2017-09-19 07:40:05+00:00,33,0.7413,0.248,0.752,0.0
433,@BBC,? Scientists have discovered that tattoo ink enters the bloodstream and travels to vital organs. ?… https://t.co/XbVsZ2ik9d,2017-09-19 07:23:04+00:00,34,0.296,0.128,0.872,0.0
434,@BBC,? A 13-year-old harp prodigy has become one of the youngest associate members of the Royal Schools of Music &amp;… https://t.co/lBgoEbVeFa,2017-09-19 07:01:05+00:00,35,0.0,0.0,1.0,0.0
435,@BBC,?? How Magnum Photos told the story of cinema. https://t.co/dyvfIPYHlL https://t.co/SNpVSo0rSJ,2017-09-19 06:39:11+00:00,36,0.0,0.0,1.0,0.0
436,@BBC,'Nobody watches TV anymore. So let’s find more ways of doing less of it better.' ? #W1A returns at 10pm on @BBCTwo.… https://t.co/fzl3YXIJg3,2017-09-18 19:32:06+00:00,37,0.0,0.0,1.0,0.0
437,@BBC,"Exciting news! @MichaelSheen and #DavidTennant have begun filming for #GoodOmens, coming soon to @BBCTwo. ?… https://t.co/uMgJHGeGnx",2017-09-18 18:03:04+00:00,38,0.5411,0.189,0.811,0.0
438,@BBC,"? @BBCRadio2 to host a spectacular soul, funk &amp; disco party on Saturday 30 September at @O2ApolloManc. ?… https://t.co/4fpTf4p4VH",2017-09-18 17:30:07+00:00,39,0.4019,0.144,0.856,0.0
439,@BBC,?? Now you can be a master chocolatier! Via @BBCFood. https://t.co/IDg5T81KS0,2017-09-18 17:03:04+00:00,40,0.0,0.0,1.0,0.0
440,@BBC,"Angry swan, 'arrested' by police following 'road rage' incident. ? https://t.co/fQBCOhiq8F https://t.co/RJQ4k6JJos",2017-09-18 16:37:47+00:00,41,-0.7845,0.0,0.566,0.434
441,@BBC,Andy Murray: 'Tennis women make the same sacrifices as men.' ? https://t.co/V0ja8rwr5R https://t.co/NAWSC5NDJV,2017-09-18 16:37:03+00:00,42,0.0,0.0,1.0,0.0
442,@BBC,? Cincinnati Zoo has introduced its first new gorilla since the death of Harambe in 2016. https://t.co/nUfeUHoBEf https://t.co/eTqyz63gXI,2017-09-18 16:17:03+00:00,43,-0.5994,0.0,0.804,0.196
443,@BBC,RT @bbcwritersroom: Screenwriter Stephen Butchard on adapting Ian McEwan's The Child in Time for @BBCOne starring #BenedictCumberbatch http…,2017-09-18 16:16:28+00:00,44,0.0,0.0,1.0,0.0
444,@BBC,RT @BBCSpringwatch: Why have so many Portuguese man-of-war washed up on Cornwall's beaches? Read more from @BBCCornwall ?? https://t.co/pJY…,2017-09-18 16:07:14+00:00,45,0.0,0.0,1.0,0.0
445,@BBC,When you've worked in customer service WAY too long… ? Via @BBCTheSocial. https://t.co/0rbOynj0fz,2017-09-18 16:01:05+00:00,46,0.0,0.0,1.0,0.0
446,@BBC,Cast an eye over the best-dressed stars at this year's #Emmys in LA. ? https://t.co/4CdOzdUzPg https://t.co/DawdnozKzb,2017-09-18 15:54:08+00:00,47,0.0,0.0,1.0,0.0
447,@BBC,"RT @BBCR1: ""The fans are so cool."" 

@MileyCyrus chats to @ClaraAmfo about her love for the UK ??

Watch the full interview ? https://t.co/…",2017-09-18 14:01:54+00:00,48,0.6369,0.16,0.84,0.0
448,@BBC,"RT @bbccomedy: New #W1A tonight, 10pm @BBCTwo! In the mean time, writer and director John Morton blogs about the new series ? https://t.co/…",2017-09-18 13:44:00+00:00,49,0.0,0.0,1.0,0.0
449,@BBC,"RT @bbcmusic: ? Celebrate 25 years of @BBCLater on @BBCiPlayer
We delve into the shows archives to bring you the A-Z of Later
?https://t.co…",2017-09-18 13:43:52+00:00,50,0.5719,0.144,0.856,0.0
450,@BBC,"RT @CBeebiesHQ: John Humphrys as you've never seen him before! ?

Can he keep @GoJetters' Ubercorn in check? ?

? ? ?

@MastermindQuiz

@BB…",2017-09-18 13:43:44+00:00,51,0.0,0.0,1.0,0.0
451,@BBC,?? Handwritten notes &amp; heartfelt posts. Here are 7 heartwarming letters sent from fans to their music heroes. ?… https://t.co/p0W59Am5bb,2017-09-18 12:54:03+00:00,52,0.872,0.382,0.618,0.0
452,@BBC,"RT @BBCR1: That VOICE ?

So good to have @RitaOra perform Your Song in the Live Lounge ?

Listen here ? https://t.co/48RuyAdouO https://t.c…",2017-09-18 12:48:03+00:00,53,0.4927,0.144,0.856,0.0
453,@BBC,"RT @BBCR1: WOAH ?

@RitaOra pays homage to musical icon @Madonna with her take on Like A Virgin ?

#R1LiveLoungeMonth https://t.co/ET7vltwn…",2017-09-18 12:47:22+00:00,54,0.3612,0.128,0.872,0.0
454,@BBC,? A quick rundown of the #Emmys nominees &amp; winners in the major categories. ? https://t.co/5qjL9OuCao https://t.co/oL0jeA126H,2017-09-18 12:30:05+00:00,55,0.4767,0.193,0.807,0.0
455,@BBC,Two new murals by Banksy have appeared in central London. ? https://t.co/EWfzMYls4d https://t.co/s9w8sJRdON,2017-09-18 12:12:03+00:00,56,0.0,0.0,1.0,0.0
456,@BBC,RT @bbcthree: This riddle will reveal if you have a gender bias. https://t.co/4EniYl2xJM,2017-09-18 11:50:42+00:00,57,-0.1027,0.0,0.887,0.113
457,@BBC,What a way to pop the question! A man in Devon surprised his girlfriend by ploughing his proposal into a field. ???… https://t.co/CQlHapCiVu,2017-09-18 11:42:03+00:00,58,0.2942,0.103,0.897,0.0
458,@BBC,RT @BBC_Teach: Did you know Sun 24 September marks 60 years of BBC Schools? Which programmes do you remember from school? Let us know using…,2017-09-18 11:41:30+00:00,59,0.0,0.0,1.0,0.0
459,@BBC,"'I have kleptomania but when it gets bad I take something for it.' ?
Are these the best comedy one-liners ever told… https://t.co/ZBoDvI3v4S",2017-09-18 11:20:04+00:00,60,0.6486,0.285,0.566,0.149
460,@BBC,RT @bbccomedy: It's 26 years this week since Bottom first aired! Saluting @AdrianEdmondson and the much-missed Rik Mayall ?? GAS MAN! GAS M…,2017-09-18 11:05:34+00:00,61,0.0,0.0,1.0,0.0
461,@BBC,19-year-old Swiss skier @AndriRagettli shows off his parkour skills during a training session. Via @BBCNewsbeat. ? https://t.co/qcBpeWDVCZ,2017-09-18 11:01:03+00:00,62,0.0,0.0,1.0,0.0
462,@BBC,"RT @BBCR1: Who's ready for @RitaOra in the Live Lounge? ?

Make sure you're listening at 12pm ? https://t.co/48RuyzVNDg

#R1LiveLoungeMonth…",2017-09-18 10:31:11+00:00,63,0.5859,0.231,0.769,0.0
463,@BBC,"RT @AboutTheBBC: ""Nothing worthwhile is easy"" - John Morton, writer and director of #W1A and #TwentyTwelve blogs about the new series https…",2017-09-18 09:19:15+00:00,64,0.6486,0.218,0.782,0.0
464,@BBC,RT @bbcpress: ? First look at David Tennant and @MichaelSheen in @BBCTwo's #GoodOmens as filming begins: https://t.co/DnJWYqJaZf https://t.…,2017-09-18 09:04:12+00:00,65,0.0,0.0,1.0,0.0
465,@BBC,"'It's been a hell of a journey to get to this point.'
#BattleToTheStartLine, now on @BBCiPlayer.… https://t.co/ELGufLIUHv",2017-09-18 08:51:09+00:00,66,-0.6808,0.0,0.753,0.247
466,@BBC,How Hull became Britain's hotbed of ballet talent. ?? https://t.co/RT1Z6o4EP9 https://t.co/yvSllDdXw9,2017-09-18 07:57:04+00:00,67,0.4215,0.219,0.781,0.0
467,@BBC,"Where does the world of Gilbert &amp; George end, and where does the real world begin? https://t.co/X3eiTBwyjf https://t.co/XTJc17yO6Y",2017-09-18 07:43:03+00:00,68,0.0,0.0,1.0,0.0
468,@BBC,RT @BBCNewsbeat: Donald Glover (aka Childish Gambino) made history at the #Emmys last night. https://t.co/eYH5DrxARb https://t.co/SR9AeC2Rho,2017-09-18 07:17:14+00:00,69,-0.296,0.0,0.872,0.128
469,@BBC,? The mystery of the lost Roman herb. It used to be worth its weight in gold – but no one knows if it still exists.… https://t.co/DXdwXUTwMo,2017-09-18 07:16:03+00:00,70,-0.4588,0.052,0.789,0.159
470,@BBC,"RT @BBCRadio3: ? ? ? For those of you that love the idea of music and nature but don't have a great deal of time to spare.
https://t.co/Hkz…",2017-09-18 07:14:53+00:00,71,-0.4293,0.09,0.758,0.153
471,@BBC,RT @BBCEngland: Two murals by street artist Banksy have appeared in central London https://t.co/8gWBZYCQef https://t.co/6jwoTKMqUz,2017-09-18 07:11:02+00:00,72,0.0,0.0,1.0,0.0
472,@BBC,"RT @bbcdoctorwho: Ready to embark on another week?
#MondayMotivation #DoctorWho https://t.co/iE33olwL7X",2017-09-18 07:10:44+00:00,73,0.3612,0.2,0.8,0.0
473,@BBC,RT @BBCLondonNews: Two murals by street artist Banksy have appeared in central London https://t.co/6Eo3zHNPLE https://t.co/u10j1TLANn,2017-09-18 07:10:25+00:00,74,0.0,0.0,1.0,0.0
474,@BBC,"RT @bbcthesocial: Have ye ever been to HoolieKrankie?

(via @BBCScotland)
https://t.co/qgWJsf8mb7",2017-09-18 07:10:01+00:00,75,0.0,0.0,1.0,0.0
475,@BBC,"RT @BBCOne: ??Good news!??
We're pleased to announce #Strike will return to @BBCOne? next year with #CareerOfEvil. ? https://t.co/xLSICWAmz2",2017-09-18 07:08:49+00:00,76,0.4926,0.158,0.842,0.0
476,@BBC,"Every year, more than 1,000 lives are lost on Peru's mountain roads. ?? Via @BBCEarth. https://t.co/HM2MmKWvvl",2017-09-18 07:01:04+00:00,77,-0.3182,0.0,0.867,0.133
477,@BBC,"Plants perceive the world without eyes, ears or brains. Understanding how can teach us a lot about them. ??… https://t.co/CimLDQhmWQ",2017-09-18 06:37:04+00:00,78,0.0,0.0,1.0,0.0
478,@BBC,"Love, loss and every parent's worst nightmare. ? #TheChildInTime, starring Benedict Cumberbatch, coming soon to… https://t.co/dBZbxUdxFj",2017-09-17 18:34:01+00:00,79,-0.296,0.186,0.531,0.283
479,@BBC,??? Meet the inspirational #InvictusGames competitors on #BattleToTheStartLine. 7:35pm @BBCOne. @KensingtonRoyal.… https://t.co/TENNVywu1d,2017-09-17 18:02:04+00:00,80,0.5106,0.231,0.769,0.0
480,@BBC,?? Super speedy suppers that won't disappoint on the flavour front. ? https://t.co/VCM39TWthv https://t.co/iGibqbYePL,2017-09-17 17:30:05+00:00,81,0.7317,0.359,0.641,0.0
481,@BBC,In the Yukon’s remote mountains is evidence of the Earth’s tumultuous climate swings from millions of years ago. ?… https://t.co/KJWFZrjiEx,2017-09-17 16:30:04+00:00,82,0.0,0.0,1.0,0.0
482,@BBC,'The happiest years I've ever spent were those working in the Women's Land Army.' ?? Via @BBC5Live. https://t.co/6YJLgCdczy,2017-09-17 16:03:04+00:00,83,0.6369,0.198,0.802,0.0
483,@BBC,Why are we willing to pay for bottled water when we can get it out of the tap for free? ? https://t.co/kgqFsC9BJO https://t.co/hXnSTDC60K,2017-09-17 15:00:05+00:00,84,0.4404,0.134,0.81,0.057
484,@BBC,? Tying the knot changes our personalities for better &amp; for worse... https://t.co/Zd91A4jxhC https://t.co/kKSc19PNSZ,2017-09-17 14:30:05+00:00,85,0.4404,0.195,0.805,0.0
485,@BBC,The woman highlighting New Zealand's devastating suicide problem with hundreds of pairs of shoes. ???? Via… https://t.co/RKCwFQO3gM,2017-09-17 14:04:06+00:00,86,-0.91,0.0,0.549,0.451
486,@BBC,?? An oak with royal connections &amp; a mulberry at the centre of a legend are up for the title of Tree of the Year.… https://t.co/HTMtgU0j0G,2017-09-17 13:00:11+00:00,87,0.0,0.0,1.0,0.0
487,@BBC,"Jim Carrey calls NY Fashion Week 'meaningless' in bizarre interview. 
https://t.co/pGJqjNwiUY https://t.co/OQcuHgAWS0",2017-09-17 12:33:04+00:00,88,-0.3182,0.0,0.827,0.173
488,@BBC,"Introducing Samantha, a robot with a human-like brain and the ability to 'feel emotion'. ? ? https://t.co/VuEwDBgDGh https://t.co/DwlKyINmZf",2017-09-17 11:57:03+00:00,89,0.3182,0.15,0.85,0.0
489,@BBC,??Because nothing stands in the way of the 18th hole. https://t.co/2LI00ZAKpg https://t.co/B4wDXMmoaL,2017-09-17 11:34:03+00:00,90,0.0,0.0,1.0,0.0
490,@BBC,Do animals smile? ?? Via @BBCNewsbeat. https://t.co/aPCjhLYU8v,2017-09-17 11:03:06+00:00,91,0.3612,0.294,0.706,0.0
491,@BBC,The problem for the world’s most expensive spice. ? https://t.co/ee9i4REECD https://t.co/uPq1l8fKFj,2017-09-17 10:28:03+00:00,92,-0.4019,0.0,0.769,0.231
492,@BBC,Gifs seem brightly millennial – so it might come as a surprise that the they actually turned 30 this year. ?… https://t.co/dJtgbyPOxl,2017-09-17 10:01:06+00:00,93,0.5574,0.204,0.796,0.0
493,@BBC,? Seven of your biggest grammar bugbears sorted. ? https://t.co/L1jyOMTvCO https://t.co/mVM1klwQRQ,2017-09-17 09:30:06+00:00,94,0.0,0.0,1.0,0.0
494,@BBC,"RT @BBCArchive: #OTD 1948: Hard-as-nails men, in skirts, throwing tree trunks? It can only be the Braemar Games, which celebrated its Royal…",2017-09-17 09:09:31+00:00,95,0.5719,0.15,0.85,0.0
495,@BBC,"RT @BBCMOTD: What a weekend of #PremierLeague action we've had so far! ? 

Watch #MOTD2 Extra @BBCTwo &amp; @5liveSport 12:15 BST. https://t.co…",2017-09-17 09:09:14+00:00,96,0.0,0.0,1.0,0.0
496,@BBC,"RT @bbcgetinspired: Coach?
Kit collector?
Volunteer?

Let @campbelldarren tell you all about nominating your #BBCUnsungHero https://t.co/yj…",2017-09-17 09:08:49+00:00,97,0.0,0.0,1.0,0.0
497,@BBC,?? Why do storms have names and who gets to decide them? https://t.co/SiGfkdl3We https://t.co/1FYOfYvfs5,2017-09-17 09:00:09+00:00,98,0.0,0.0,1.0,0.0
498,@BBC,"What reefs should look like. ??? 
#TribesPredatorsAndMe via @BBCEarth &amp; @BBCTwo. https://t.co/cMiuqniCef",2017-09-17 08:30:02+00:00,99,0.3612,0.185,0.815,0.0
499,@BBC,Cheeselog? Chisel Bob? Chuggy pig? What do you call woodlice? This map reveals how the answer differs across the UK… https://t.co/qq0upjaG1k,2017-09-17 07:37:03+00:00,100,0.0,0.0,1.0,0.0
